,date,cabbage,radish,garlic,onion,daikon,cilantro,artichoke
0,2021-01-02,713.0,760.0,4182.76,1282.48,2163.33,3862.77,12340.35
1,2021-01-04,1946.9,708.5,4427.22,1381.92,2083.49,3539.8,8773.32
2,2021-01-05,1307.79,996.28,4731.48,1396.43,2316.91,3281.04,10148.78
3,2021-01-06,1942.6,1012.55,4420.99,1484.83,2555.18,3440.97,11108.13
4,2021-01-07,1872.97,694.47,4080.54,1488.01,2740.9,3018.87,11615.35
5,2021-01-08,2091.3,718.38,4562.64,1423.3,2358.48,3183.15,7231.71
6,2021-01-09,1786.48,804.76,4579.95,1427.9,2388.88,2152.83,6631.57
7,2021-01-11,1953.97,786.63,3774.07,1610.98,2486.8,3339.7,10513.59
8,2021-01-12,1305.05,991.86,5260.5,1718.97,2691.54,3167.29,8957.25
9,2021-01-13,1960.94,1247.23,5343.98,1730.34,2742.41,3069.97,9288.76
10,2021-01-14,1679.02,785.01,4873.52,1648.44,2940.41,3420.82,8767.99
11,2021-01-15,2443.19,1033.78,4207.11,1598.92,2872.57,2961.68,8913.78
12,2021-01-16,1373.96,765.07,4145.83,1694.69,3099.35,3404.7,9440.0
13,2021-01-18,1783.54,836.28,4679.05,1674.31,3034.07,3564.27,10624.43
14,2021-01-19,1792.25,927.25,4376.39,1518.97,3068.72,3343.26,8700.73
15,2021-01-20,1605.71,696.95,4486.73,1718.93,2971.25,3322.95,8411.4
16,2021-01-21,1452.47,1075.56,4296.41,1633.73,2981.94,4194.68,7376.94
17,2021-01-22,1038.76,830.59,4428.54,1606.29,3060.15,3311.31,7524.8
18,2021-01-23,1651.84,752.53,4630.28,1641.15,2806.86,3363.39,6412.04
19,2021-01-25,1620.31,667.93,4492.47,1627.77,2752.21,3822.86,7109.92
20,2021-01-26,1849.04,360.85,4703.23,1610.33,3457.51,3360.95,6584.15
21,2021-01-27,1755.56,732.88,4408.5,1573.86,3423.12,3517.23,6632.29
22,2021-01-28,1091.02,931.14,4277.33,1714.41,3748.07,3367.7,6563.97
23,2021-01-29,2041.3,774.99,4833.1,1569.64,3759.66,3224.95,7205.22
24,2021-01-30,2037.87,712.02,4491.97,1620.01,3940.99,3230.29,6706.79
25,2021-02-01,1449.58,956.1,4648.69,1652.15,4000.62,3706.78,7194.16
26,2021-02-02,2270.2,711.69,4764.13,1762.73,4066.25,3870.25,7236.8
27,2021-02-03,2271.78,562.86,5916.59,1672.24,3638.45,3902.4,7631.29
28,2021-02-04,1582.82,1429.42,4967.12,1619.81,4415.85,3777.95,9202.42
29,2021-02-05,2126.5,566.97,4280.94,1697.02,4321.84,4189.68,8251.16
30,2021-02-06,2088.14,517.92,4023.72,1583.39,4300.65,3772.16,8301.01
31,2021-02-07,553.2,356.68,,1030.0,3772.44,,7213.89
32,2021-02-08,1413.05,498.32,4938.39,1580.08,4050.77,4999.2,7571.43
33,2021-02-09,1881.12,523.13,4392.64,1650.08,3908.49,4696.51,7976.96
34,2021-02-10,1992.89,329.9,4077.55,1717.71,3539.99,4627.84,7919.3
35,2021-02-11,2185.93,541.65,5901.44,1598.68,3450.35,4595.28,6406.12
36,2021-02-15,1637.75,1364.98,4714.75,1926.5,4434.04,4878.33,7723.14
37,2021-02-16,2030.0,848.76,4508.95,1810.54,4237.64,4086.25,6167.82
38,2021-02-17,1607.93,1187.85,4983.06,1847.07,4227.25,3612.02,5717.41
39,2021-02-18,1733.54,819.4,4257.57,1876.08,4229.47,3813.79,4286.59
40,2021-02-19,1873.74,1412.66,3660.02,1914.92,4585.28,3460.63,3946.31
41,2021-02-20,1642.27,932.93,4522.19,1871.42,4807.13,4236.84,4085.23
42,2021-02-22,1428.94,743.19,3663.61,2035.7,4891.1,4020.58,4055.43
43,2021-02-23,2335.68,563.41,3967.17,1905.65,5120.44,4495.81,4108.6
44,2021-02-24,2930.49,1138.34,3647.68,1829.36,5243.69,4638.59,3866.97
45,2021-02-25,2038.34,920.61,4053.93,1921.68,5005.17,4471.07,4156.8
46,2021-02-26,2129.15,370.13,3537.8,1847.97,4854.02,4393.83,4203.65
47,2021-02-27,1908.62,791.37,3718.65,1862.46,4896.88,5116.93,3537.03
48,2021-03-01,1376.0,457.36,4025.97,1973.99,4786.99,5955.44,3874.32
49,2021-03-02,1997.25,670.94,4111.05,2305.73,4618.7,6386.25,4299.82
50,2021-03-03,1586.32,693.86,4091.46,1823.61,4852.38,7607.5,4115.86
51,2021-03-04,2090.45,981.68,3593.87,1910.71,4745.43,6360.93,4899.39
52,2021-03-05,2073.1,699.86,3289.28,1816.89,4920.75,6141.12,5078.7
53,2021-03-06,2605.71,423.44,3747.14,1594.71,4780.1,6790.54,5537.62
54,2021-03-08,2150.42,414.77,4669.38,1778.38,4395.08,7254.13,5669.18
55,2021-03-09,2066.85,646.68,4633.78,1942.24,4022.28,7800.82,4914.51
56,2021-03-10,2179.67,570.69,4350.76,1819.66,3870.54,7126.83,5814.38
57,2021-03-11,2130.48,372.57,4288.6,1710.86,3391.52,7385.31,5763.33
58,2021-03-12,2321.07,685.22,3884.58,1678.0,3659.53,7758.51,5700.43
59,2021-03-13,2009.57,697.09,3557.34,1937.93,3496.04,8921.27,5988.15
60,2021-03-15,2295.68,843.4,4151.84,1714.75,3558.67,10315.3,5255.21
61,2021-03-16,2568.87,604.22,4327.41,1830.56,3893.89,9116.8,5706.55
62,2021-03-17,2288.81,496.76,4033.7,1923.09,3240.79,7961.9,5356.68
63,2021-03-18,2407.26,535.25,4119.83,1919.53,3464.6,7666.02,5610.53
64,2021-03-19,2413.14,662.2,4130.92,1849.51,3356.93,8302.12,5530.55
65,2021-03-20,2753.67,639.64,3094.98,1670.76,3350.61,9234.71,5125.16
66,2021-03-22,2768.76,844.57,3634.53,1831.64,3469.52,9332.48,5504.0
67,2021-03-23,2567.5,645.62,4087.79,1840.23,3288.93,7632.43,4697.16
68,2021-03-24,3260.24,321.13,3870.11,1731.56,3429.57,7577.68,4796.91
69,2021-03-25,1533.54,434.71,3561.66,1510.03,4120.95,9261.45,4609.25
70,2021-03-26,2340.76,395.27,3594.49,1386.92,3626.8,9433.01,5090.56
71,2021-03-27,2167.44,549.63,4303.9,1330.48,3325.67,8897.65,4907.56
72,2021-03-29,1853.18,437.75,4027.19,1130.01,3217.91,9296.92,5706.21
73,2021-03-30,2610.69,618.07,4105.48,1286.5,3274.73,10727.19,4973.98
74,2021-03-31,2109.21,431.87,4384.61,1197.23,3211.17,9083.21,4597.33
75,2021-04-01,2400.82,376.47,3557.23,1207.48,3023.13,10278.21,5146.56
76,2021-04-02,2219.43,704.12,4033.5,1203.07,3185.61,10138.58,5224.64
77,2021-04-03,2610.39,829.78,3817.43,1240.05,3200.63,11224.74,5349.31
78,2021-04-05,1603.7,441.05,4125.34,1356.17,3349.75,12975.7,5630.0
79,2021-04-06,2716.05,793.24,3580.17,1297.18,3113.92,12805.14,5196.79
80,2021-04-07,2128.05,642.33,4590.38,1242.06,3346.9,9834.2,4694.23
81,2021-04-08,2713.12,399.56,3925.15,1191.53,3583.65,8753.06,4877.44
82,2021-04-09,2665.0,654.62,4033.91,1176.46,3254.93,9949.11,5496.54
83,2021-04-10,2462.67,455.51,4158.65,1067.14,3265.41,9872.48,5788.89
84,2021-04-12,1989.05,597.09,3481.51,1043.6,3537.48,10232.81,5265.07
85,2021-04-13,3061.02,552.53,4794.37,1127.56,3522.61,10211.89,5284.9
86,2021-04-14,2869.05,557.83,4267.57,895.27,3025.88,9723.19,5975.36
87,2021-04-15,1538.77,521.69,3998.56,1208.46,3450.48,10153.72,5002.82
88,2021-04-16,2488.32,856.63,4580.24,1012.83,3226.56,9383.07,4952.4
89,2021-04-17,2154.4,582.76,3598.11,842.18,3067.23,8996.88,5022.43
90,2021-04-19,2529.33,374.73,7914.42,778.85,3391.52,7087.21,5097.07
91,2021-04-20,1928.5,609.67,4232.89,856.99,3165.49,6521.93,5375.44
92,2021-04-21,1506.57,837.69,3998.61,801.48,3200.49,5845.51,5692.19
93,2021-04-22,2243.83,881.25,4949.59,819.79,2813.28,5630.58,5249.02
94,2021-04-23,1780.54,836.56,4282.34,690.66,2619.0,6889.83,5459.78
95,2021-04-24,2155.45,373.74,4234.35,766.15,2676.22,6842.21,5209.94
96,2021-04-26,1085.04,757.6,4411.42,683.98,2803.16,6683.68,4079.78
97,2021-04-27,2088.52,497.48,4257.18,747.69,2557.91,5804.63,5457.47
98,2021-04-28,1304.06,532.73,4283.09,786.06,2625.11,5566.38,5114.39
99,2021-04-29,985.09,487.18,5223.29,625.88,2540.24,6301.06,4373.97
100,2021-04-30,1912.83,447.4,4485.2,695.58,2482.17,6129.97,4989.59
101,2021-05-01,1174.91,791.24,4436.89,652.6,2359.21,6247.25,4470.83
102,2021-05-03,1107.53,664.25,4008.5,588.89,2472.54,6253.31,4821.59
103,2021-05-04,2296.59,523.51,4523.1,694.57,2549.94,6803.03,5099.29
104,2021-05-05,1911.36,767.01,4604.21,686.11,2388.95,6961.89,5291.13
105,2021-05-06,1650.55,499.14,4748.78,690.38,2528.9,5842.76,5338.86
106,2021-05-07,2078.75,390.31,4759.21,584.84,2617.19,6081.93,5977.89
107,2021-05-08,3061.87,550.47,4880.18,718.5,2622.25,5605.9,4747.07
108,2021-05-10,1452.18,695.99,4117.06,882.23,2359.1,6425.57,5921.46
109,2021-05-11,2196.74,462.0,3900.59,771.83,2388.51,5919.63,6585.43
110,2021-05-12,1336.15,682.76,4554.31,574.13,2226.97,5049.35,6570.92
111,2021-05-13,1919.56,334.49,5528.94,626.29,1924.45,5140.23,5388.45
112,2021-05-14,1310.09,555.12,4053.47,621.53,1801.15,4871.63,5039.13
113,2021-05-15,2504.11,605.98,4981.58,602.21,2018.28,4306.28,5366.73
114,2021-05-17,1173.71,420.35,4156.69,598.47,2106.91,4291.42,5545.27
115,2021-05-18,1384.87,580.71,4424.24,632.52,2053.74,3841.52,4829.99
116,2021-05-19,1097.77,621.08,3724.28,674.48,1881.48,3872.79,3971.12
117,2021-05-20,2374.85,378.19,4413.8,665.23,1603.91,3974.68,4410.06
118,2021-05-21,1957.97,722.24,3798.06,602.55,1586.32,4106.64,4785.64
119,2021-05-22,2071.72,468.22,4306.06,670.6,1595.49,4502.09,4489.42
120,2021-05-24,1966.25,368.84,3978.61,737.09,1364.35,4913.46,4326.72
121,2021-05-25,1710.06,716.09,3546.76,673.37,1408.58,4252.24,5111.91
122,2021-05-26,2188.54,472.0,3956.88,675.21,1235.92,4308.39,4833.56
123,2021-05-27,2020.71,679.4,3209.39,653.36,1100.99,4522.39,4803.38
124,2021-05-28,1743.15,449.26,4580.69,753.1,1117.21,5815.07,5463.98
125,2021-05-29,1976.52,360.58,3595.63,632.13,1221.65,5499.09,5061.91
126,2021-05-31,2122.55,334.98,4052.47,528.12,1146.85,6050.32,6006.47
127,2021-06-01,3588.07,461.52,3835.76,623.19,1085.3,5022.75,4967.48
128,2021-06-02,2281.78,441.24,6083.07,666.52,1020.57,4676.38,4453.22
129,2021-06-03,2079.09,634.59,3876.6,551.0,939.42,4139.1,4839.87
130,2021-06-04,1510.31,556.19,3732.97,573.62,985.38,4015.22,5390.46
131,2021-06-05,1295.32,739.21,4494.54,644.01,1081.3,4844.0,4202.15
132,2021-06-07,1294.68,492.55,4821.42,581.8,1005.13,4397.2,3810.04
133,2021-06-08,1209.25,400.42,4230.6,544.14,991.08,4097.13,3961.1
134,2021-06-09,1619.07,540.41,4978.61,630.4,985.7,3759.67,4507.47
135,2021-06-10,1176.25,524.94,4381.07,602.58,916.11,3720.55,3867.27
136,2021-06-11,1479.75,619.83,4298.96,662.66,1013.29,3503.93,3760.68
137,2021-06-12,966.28,404.31,5323.36,612.24,1047.6,3507.66,2851.96
138,2021-06-14,666.34,491.49,4416.85,635.76,955.55,3880.59,2652.84
139,2021-06-15,987.93,747.04,4383.03,615.84,978.61,3285.93,3058.94
140,2021-06-16,827.96,880.94,4482.9,605.82,846.25,3353.94,2560.28
141,2021-06-17,1547.78,557.75,5034.86,658.35,754.94,3505.54,3421.91
142,2021-06-18,2298.31,405.03,4147.4,633.31,826.24,3569.28,3096.23
143,2021-06-19,1920.76,1125.56,4415.38,684.77,889.92,3123.5,3441.16
144,2021-06-21,2385.03,420.26,4611.17,738.39,796.77,3490.57,4019.5
145,2021-06-22,2161.4,389.29,4372.19,570.59,839.78,3696.2,3299.26
146,2021-06-23,1404.54,678.72,5386.69,617.52,741.95,3708.89,4159.66
147,2021-06-24,2604.98,708.55,4777.02,696.76,775.05,4497.77,4173.55
148,2021-06-25,1480.46,432.0,4497.61,625.92,768.57,5073.51,3869.2
149,2021-06-26,1245.06,684.72,4940.58,573.75,715.29,5359.6,3371.6
150,2021-06-28,1760.21,591.78,4832.11,642.32,713.39,4159.46,4151.92
151,2021-06-29,2008.54,750.05,4668.66,570.19,654.7,4072.36,2972.56
152,2021-06-30,1922.42,419.14,4571.77,571.53,652.2,3977.73,3190.77
153,2021-07-01,1381.24,426.24,4691.9,599.14,646.18,3809.73,3089.72
154,2021-07-02,1645.46,578.27,4801.09,551.33,713.81,4004.93,3103.98
155,2021-07-03,1420.57,671.43,4416.06,570.42,828.45,4192.43,4095.91
156,2021-07-05,3119.47,805.39,4119.71,646.42,1081.16,4264.64,3878.02
157,2021-07-06,1545.19,584.62,4073.73,685.09,1034.1,4641.86,4524.32
158,2021-07-07,2126.31,796.13,4809.39,678.62,900.54,4406.62,3589.87
159,2021-07-08,1623.3,723.19,4380.63,710.78,829.06,4157.24,3309.87
160,2021-07-09,2091.76,799.85,4434.36,682.83,709.87,4134.3,4335.38
161,2021-07-10,1271.72,451.99,4045.43,579.79,642.31,3988.9,3236.85
162,2021-07-12,2048.42,376.88,4599.66,650.18,685.79,3705.09,3411.09
163,2021-07-13,1049.26,345.94,4568.68,735.89,591.63,4155.73,3372.59
164,2021-07-14,1582.86,292.1,5108.51,649.74,545.38,3675.09,2995.08
165,2021-07-15,1271.91,498.86,5303.28,634.19,466.89,4884.99,3268.33
166,2021-07-16,1645.05,604.4,4961.3,521.6,582.24,5205.28,3592.18
167,2021-07-17,2778.33,673.78,4574.58,631.14,945.85,5618.6,4036.09
168,2021-07-19,2219.96,654.94,5390.96,633.1,845.39,4212.87,5336.72
169,2021-07-20,2034.6,361.38,5328.39,575.43,796.25,3801.55,4743.36
170,2021-07-21,1638.94,573.56,5148.41,617.29,758.56,3834.0,4426.06
171,2021-07-22,2201.68,350.26,5446.92,655.36,811.55,3488.78,4590.84
172,2021-07-23,1433.88,379.21,4952.32,607.87,691.21,3702.39,3458.5
173,2021-07-24,2011.49,522.89,4770.5,576.32,758.66,3918.52,3736.49
174,2021-07-26,1852.3,431.61,5512.73,655.51,755.74,4004.93,4889.4
175,2021-07-27,1908.65,443.88,5466.75,617.84,703.8,4373.1,4127.12
176,2021-07-28,1546.34,722.63,5019.35,802.67,694.89,4374.3,3639.34
177,2021-07-29,2543.09,642.11,5189.83,630.58,715.85,4539.93,3876.04
178,2021-07-30,1875.18,548.38,5101.56,607.07,685.9,4074.01,4146.36
179,2021-07-31,1603.16,533.06,5204.53,660.94,810.95,3505.89,4027.59
180,2021-08-02,1822.52,588.04,5254.72,680.47,977.33,3501.82,4221.13
181,2021-08-03,2294.91,745.9,5930.98,680.74,1103.69,3624.6,4752.69
182,2021-08-04,2603.14,649.29,5864.11,712.05,1188.3,3193.97,4816.22
183,2021-08-05,2457.04,727.93,5025.22,682.34,1181.63,3458.57,6089.28
184,2021-08-06,2501.01,777.69,6304.43,1163.16,1602.48,3873.73,7121.87
185,2021-08-07,1035.42,753.45,3162.46,537.92,820.3,2601.65,2053.21
186,2021-08-09,1873.57,1088.34,5760.52,750.19,1284.39,3423.57,4862.24
187,2021-08-10,2205.06,733.6,5546.18,772.58,1094.17,3315.63,4524.99
188,2021-08-11,1877.62,936.46,5973.49,793.73,999.34,3226.86,4942.19
189,2021-08-12,2581.82,638.56,6190.37,807.12,944.47,2938.95,5753.43
190,2021-08-13,2337.83,694.93,5371.73,748.44,891.82,3066.87,7185.59
191,2021-08-14,2034.89,716.37,5399.99,735.43,882.91,2783.54,6331.7
192,2021-08-16,1783.01,566.62,5862.09,817.09,890.02,2716.65,5621.72
193,2021-08-17,2072.87,553.02,5351.23,848.14,835.14,2624.73,6532.29
194,2021-08-18,2234.07,542.24,5429.15,819.51,844.86,2711.81,6354.48
195,2021-08-19,2531.16,500.27,5168.97,825.79,884.66,2390.81,7645.66
196,2021-08-20,2128.36,483.39,5807.27,761.33,1022.99,2787.96,5798.22
197,2021-08-21,2522.43,1031.47,5276.65,794.81,989.22,2434.48,7515.14
198,2021-08-23,2622.47,503.29,5528.78,827.31,1100.52,2671.99,6247.02
199,2021-08-24,2574.05,500.03,5680.97,932.91,1219.46,2850.37,7121.58
200,2021-08-25,2195.3,486.92,5771.0,792.98,1155.75,2554.1,7686.46
201,2021-08-26,2374.85,583.3,4757.94,848.23,1044.75,2500.43,7036.87
202,2021-08-27,1965.86,431.72,6003.84,865.4,996.42,2525.9,6030.3
203,2021-08-28,1671.75,522.8,5391.24,811.18,1154.87,2554.56,8622.88
204,2021-08-30,3236.21,400.04,5781.28,905.63,1261.21,2245.81,8158.18
205,2021-08-31,2553.89,434.06,4707.36,892.36,1222.36,2219.38,9242.09
206,2021-09-01,2365.55,486.09,6169.32,851.56,1199.97,2325.43,9135.29
207,2021-09-02,2638.62,1138.66,5804.18,882.81,1302.11,2396.39,10310.68
208,2021-09-03,3509.96,556.54,4728.38,815.5,1259.48,2574.44,10962.51
209,2021-09-04,2264.75,776.79,4794.79,884.64,1329.51,2192.68,10490.74
210,2021-09-06,2362.74,529.02,5271.29,847.31,1315.17,2434.28,10382.31
211,2021-09-07,3377.74,570.07,5190.1,915.89,1480.83,2363.64,11332.95
212,2021-09-08,2840.08,1202.09,5332.7,943.1,1321.05,2634.15,11121.76
213,2021-09-09,2960.03,427.27,5637.28,886.36,1232.63,2588.5,9681.39
214,2021-09-10,3046.9,589.51,5146.95,915.19,1225.55,2703.02,10035.11
215,2021-09-11,2140.62,487.47,5618.68,914.42,1153.03,2132.54,9042.44
216,2021-09-13,2344.3,395.7,5343.04,867.34,1272.57,2397.24,8891.75
217,2021-09-14,1900.49,835.1,5593.88,886.86,1121.11,2091.28,10910.29
218,2021-09-15,1917.88,473.99,5554.68,862.45,1117.07,2178.28,12538.41
219,2021-09-16,2126.25,560.99,6092.79,951.32,1231.32,2278.68,11411.52
220,2021-09-17,2252.2,783.83,5988.89,918.77,1457.37,2196.14,13397.61
221,2021-09-18,3342.43,642.1,5069.94,907.64,1972.84,3077.78,10094.66
222,2021-09-19,2643.89,741.25,5006.92,618.4,2444.49,3073.03,8041.02
223,2021-09-20,2985.97,576.81,6959.62,,1441.37,1706.55,5121.82
224,2021-09-23,2314.97,650.77,8460.97,1058.61,1950.92,840.0,14571.99
225,2021-09-24,1811.63,517.4,5871.77,921.38,1377.41,2768.24,7862.79
226,2021-09-25,2602.45,1017.24,5652.73,853.65,1432.79,2750.37,5993.23
227,2021-09-27,2362.04,420.55,5658.7,1045.76,1319.81,2089.33,5020.79
228,2021-09-28,1618.52,459.62,5885.54,891.97,1143.74,1760.71,5216.68
229,2021-09-29,1173.62,602.09,5911.41,897.75,1219.24,1708.6,5485.79
230,2021-09-30,2218.39,626.82,5405.49,900.04,1060.78,1589.86,4545.86
231,2021-10-01,1613.71,436.6,5907.56,802.91,1055.35,1813.41,5100.84
232,2021-10-02,951.37,444.8,5253.68,837.38,953.88,1810.66,5147.68
233,2021-10-04,2023.84,398.84,6117.18,894.35,1081.83,1785.45,5031.61
234,2021-10-05,1791.83,575.16,5610.16,888.36,963.11,2096.15,4987.28
235,2021-10-06,1395.95,479.03,5915.86,871.91,861.37,1884.0,5793.51
236,2021-10-07,2247.13,580.61,5217.57,907.93,900.69,1895.81,5714.0
237,2021-10-08,1973.02,583.11,6195.64,987.98,1027.88,1958.8,6621.38
238,2021-10-09,1373.02,409.75,5990.03,791.39,1162.67,2420.36,5266.85
239,2021-10-11,1175.26,553.94,6018.51,861.99,1087.92,2284.87,4732.43
240,2021-10-12,1878.44,545.82,6142.79,915.4,1194.49,1987.6,6283.91
241,2021-10-13,1497.55,374.34,5788.23,892.64,1263.18,2319.11,6013.79
242,2021-10-14,2414.6,533.91,5718.81,875.92,1309.2,2038.61,6602.64
243,2021-10-15,1260.57,568.41,5408.24,976.36,1274.88,1993.23,7459.18
244,2021-10-16,1662.9,583.7,5397.3,833.47,1258.35,1848.95,7351.64
245,2021-10-18,3584.36,482.62,6080.78,944.63,1144.66,2369.02,6753.69
246,2021-10-19,2257.7,673.42,5566.53,965.3,1318.1,2078.01,6782.76
247,2021-10-20,1732.25,519.32,6067.71,950.55,1302.95,2096.3,8058.34
248,2021-10-21,2428.03,480.48,6055.3,995.65,1326.42,2516.75,10024.11
249,2021-10-22,2704.08,569.48,5487.29,973.43,1279.14,1875.89,9660.37
250,2021-10-23,2288.72,568.32,5744.41,907.45,1248.1,2488.91,13006.41
251,2021-10-25,1555.73,442.8,5024.59,978.98,1282.86,2384.28,13216.85
252,2021-10-26,2608.52,413.74,6144.97,920.31,1228.71,2540.61,12530.58
253,2021-10-27,1259.12,338.17,5390.76,1009.13,1135.81,3281.6,12445.17
254,2021-10-28,2331.48,442.81,5404.32,991.57,1111.1,3358.9,10306.79
255,2021-10-29,2100.77,386.03,5586.11,854.52,1185.89,2718.32,9889.56
256,2021-10-30,1962.44,490.57,5861.82,898.15,1200.27,3173.06,9252.4
257,2021-11-01,1939.38,419.16,5050.87,968.73,1227.88,3607.15,8278.29
258,2021-11-02,2504.95,494.58,5704.36,962.54,1204.85,3297.18,7774.68
259,2021-11-03,1468.68,440.5,7303.13,880.9,1491.45,3503.5,7231.1
260,2021-11-04,2072.99,416.31,6245.99,911.05,1247.36,2963.77,7365.68
261,2021-11-05,1388.35,411.76,5459.3,979.47,1206.17,3518.84,7136.53
262,2021-11-06,2139.15,763.95,5628.25,911.43,1322.56,3142.56,6665.38
263,2021-11-08,1527.39,515.95,4903.71,920.57,1278.95,3061.62,7030.14
264,2021-11-09,2010.87,452.02,5642.43,1037.12,1478.06,3280.44,6658.27
265,2021-11-10,2003.06,521.14,5499.85,973.16,1603.71,2883.88,5894.0
266,2021-11-11,1310.21,743.47,6123.58,940.74,1503.87,2766.2,5191.18
267,2021-11-12,1616.57,1048.98,6003.63,967.4,1381.43,2571.86,5707.7
268,2021-11-13,1606.67,814.12,6526.41,862.41,1666.58,2016.73,4797.73
269,2021-11-15,1175.99,668.25,5636.39,845.62,1618.04,2494.09,6515.16
270,2021-11-16,2188.21,912.47,5270.32,965.75,1336.27,2356.17,6447.66
271,2021-11-17,875.65,607.38,5882.73,886.3,1187.18,2305.55,7894.29
272,2021-11-18,1149.01,761.52,5514.39,868.99,1167.92,2336.6,6884.64
273,2021-11-19,1498.69,476.3,6150.8,922.49,1075.46,2710.17,7370.41
274,2021-11-20,1729.68,419.66,5811.37,897.21,1190.19,2374.74,6319.98
275,2021-11-22,1795.16,542.78,5187.85,915.15,1156.79,2884.07,6605.5
276,2021-11-23,2336.84,579.1,6099.61,855.94,1008.05,3078.25,6613.44
277,2021-11-24,1811.69,658.05,6182.39,868.47,980.75,3062.64,6160.43
278,2021-11-25,1837.44,1014.77,5555.33,859.76,910.17,2340.95,5691.09
279,2021-11-26,1483.34,408.17,5828.28,915.38,930.98,3368.31,5499.15
280,2021-11-27,2225.33,436.32,5708.73,819.45,967.26,2668.54,5037.64
281,2021-11-29,2216.92,451.71,5848.79,906.57,993.59,3366.56,5601.4
282,2021-11-30,3018.49,612.26,5745.52,896.72,966.52,2943.64,6041.62
283,2021-12-01,2083.34,741.6,6536.5,1263.42,1145.5,3599.73,5715.41
284,2021-12-02,1917.17,582.85,5611.42,948.91,1103.32,3318.02,5935.07
285,2021-12-03,1738.09,633.6,5358.51,932.74,1297.19,4398.65,6357.4
286,2021-12-04,2145.14,632.0,5807.8,859.45,1341.17,4204.91,6439.64
287,2021-12-06,1156.29,523.1,6077.47,851.02,1138.45,3804.04,6485.47
288,2021-12-07,2212.42,724.09,5376.35,1062.71,1223.49,4010.85,7331.38
289,2021-12-08,1582.4,1277.22,6700.19,805.26,1111.22,4640.81,7274.84
290,2021-12-09,1612.4,664.1,5783.78,921.15,985.23,4579.88,7918.07
291,2021-12-10,1491.41,637.11,5772.02,854.7,934.24,5436.61,7328.9
292,2021-12-11,1765.39,575.19,5918.55,828.85,974.53,4115.73,7918.8
293,2021-12-13,1805.69,721.57,5392.28,883.41,979.31,3629.09,7822.04
294,2021-12-14,2473.4,616.63,5153.61,886.65,991.78,3886.7,7773.09
295,2021-12-15,1615.46,740.75,6123.74,859.97,968.53,4610.54,7628.78
296,2021-12-16,1880.91,477.11,6317.95,876.75,1001.9,3825.72,7206.33
297,2021-12-17,1644.61,450.63,4928.32,832.48,941.21,3394.99,7496.13
298,2021-12-18,1400.05,421.59,5784.41,717.51,956.94,3215.67,6738.42
299,2021-12-20,2130.88,558.24,5146.9,899.17,1086.28,4167.86,7554.03
300,2021-12-21,1772.01,944.21,5705.94,820.02,936.66,4216.75,8016.75
301,2021-12-22,1142.4,637.2,5737.8,762.51,924.72,3954.8,7929.35
302,2021-12-23,1723.62,910.56,5112.47,732.81,955.32,3167.05,7401.18
303,2021-12-24,1415.54,642.61,6221.01,740.03,1007.92,3995.49,9289.51
304,2021-12-25,2726.9,829.48,5434.18,636.16,1080.78,3691.58,8878.37
305,2021-12-27,3017.92,621.05,5304.33,733.91,1163.81,3416.46,9373.79
306,2021-12-28,2687.43,882.88,5536.07,752.97,1149.48,2802.92,9701.44
307,2021-12-29,1975.01,1294.3,5860.85,748.24,1248.87,3697.27,9766.46
308,2021-12-30,2888.88,831.55,6473.28,717.97,1315.85,3733.16,11348.38
309,2021-12-31,3227.88,1700.04,5535.13,695.05,1349.17,3037.09,9965.62
310,2022-01-03,3082.06,941.83,6224.38,778.14,1429.87,3932.91,11739.57
311,2022-01-04,2243.65,748.36,6024.56,831.68,1154.84,3317.74,11470.71
312,2022-01-05,2489.0,850.09,5649.96,761.03,1172.6,3549.5,11707.91
313,2022-01-06,2097.87,1077.96,5383.8,700.77,1071.6,3558.9,11946.62
314,2022-01-07,2147.75,1301.17,5308.83,716.78,1044.81,3496.4,11371.8
315,2022-01-08,2362.83,620.29,5152.11,691.76,1041.52,3300.96,10934.82
316,2022-01-10,2528.77,956.38,4721.48,706.06,1071.64,3273.39,10896.33
317,2022-01-11,2922.59,769.29,5112.82,724.87,1016.06,3164.23,9449.74
318,2022-01-12,1213.38,1086.34,5290.33,637.43,1218.67,3040.58,9797.33
319,2022-01-13,2304.74,528.5,5446.73,690.28,1188.63,2841.85,9733.49
320,2022-01-14,3070.72,1383.5,5135.66,643.67,1076.51,3334.14,10210.73
321,2022-01-15,2110.01,1193.69,5085.04,613.72,1137.65,3183.04,8690.35
322,2022-01-17,1899.88,932.81,5217.62,627.42,1330.91,3667.08,10169.48
323,2022-01-18,2219.29,825.9,4757.96,630.99,1163.41,2686.64,9757.25
324,2022-01-19,2084.69,941.75,4304.23,554.7,1245.74,3321.97,9516.73
325,2022-01-20,1673.72,960.59,4863.84,580.91,1270.31,3800.65,9099.01
326,2022-01-21,1635.92,1108.39,5146.22,615.2,1353.14,3663.06,10067.71
327,2022-01-22,2127.23,1207.72,5482.22,597.85,1338.07,3762.94,8603.37
328,2022-01-24,1563.32,672.45,5225.84,604.47,1251.64,3605.8,9848.25
329,2022-01-25,2233.84,926.94,5592.29,565.53,1195.85,3792.09,9007.25
330,2022-01-26,1994.69,715.61,5381.58,606.75,1246.65,5127.66,9665.09
331,2022-01-27,1379.23,809.49,5414.16,502.56,1259.34,4169.01,10502.81
332,2022-01-28,1660.62,500.13,4954.42,686.6,1405.65,4490.06,9825.49
333,2022-01-29,3373.93,1149.9,5708.76,452.16,1365.28,5830.32,10623.54
334,2022-01-30,2831.97,582.21,5811.23,992.87,1310.12,4373.81,11268.1
335,2022-01-31,4126.49,670.83,6791.67,548.89,1063.7,3821.99,8536.28
336,2022-02-03,1668.21,435.42,6796.2,450.0,1904.38,,11550.61
337,2022-02-04,2300.72,569.36,5739.28,619.48,1331.78,5684.64,10989.77
338,2022-02-05,2623.37,1056.15,5421.84,577.74,1137.59,5612.2,9823.28
339,2022-02-07,2834.32,1532.36,5202.91,701.1,1251.07,5196.47,8076.03
340,2022-02-08,3035.05,1485.17,5239.44,567.67,1229.2,4058.84,6360.27
341,2022-02-09,2165.01,921.19,5247.14,664.36,1133.41,4449.74,5628.52
342,2022-02-10,2957.03,1275.87,5537.29,565.38,1119.86,4211.4,5028.1
343,2022-02-11,1926.89,953.46,4510.7,536.83,1043.28,4022.67,5757.63
344,2022-02-12,1687.28,941.26,4978.21,429.3,993.47,3998.13,5910.45
345,2022-02-14,2705.5,1382.19,4522.72,701.42,1120.93,4373.5,5770.79
346,2022-02-15,2762.42,974.53,4873.46,468.53,1051.89,4856.29,6683.77
347,2022-02-16,2149.49,703.18,5051.0,518.03,1132.08,4272.22,6003.55
348,2022-02-17,2407.35,1075.44,4938.52,494.53,1211.86,4541.98,5732.89
349,2022-02-18,2199.28,598.46,4898.46,533.32,1205.28,4392.44,5344.55
350,2022-02-19,2299.22,690.98,4486.76,502.04,1086.03,4090.55,5914.71
351,2022-02-21,2503.04,1250.57,4766.98,516.97,1284.47,4138.9,5429.99
352,2022-02-22,2528.24,1114.3,5543.21,521.19,1324.9,4851.92,5280.04
353,2022-02-23,1913.94,590.19,5867.74,408.15,1177.94,4785.18,4987.33
354,2022-02-24,1858.16,1042.65,5047.83,452.08,1280.26,5651.86,4855.84
355,2022-02-25,2031.97,1301.95,4922.8,532.98,1358.81,5694.61,5935.63
356,2022-02-26,2457.06,562.28,5000.84,470.83,1271.61,7241.43,7028.1
357,2022-02-28,1863.84,1276.05,4606.12,496.67,1458.22,6938.11,7532.98
358,2022-03-01,2675.03,890.58,5438.4,470.36,1510.65,7615.36,7552.34
359,2022-03-02,2114.89,517.52,5078.51,576.66,1656.23,8059.2,7535.15
360,2022-03-03,2363.88,1261.22,5039.41,728.23,1610.23,8470.65,8926.3
361,2022-03-04,2282.35,941.6,5253.3,623.93,1727.96,9124.02,8469.74
362,2022-03-05,2564.66,502.04,5374.36,417.44,1564.36,8310.15,7721.16
363,2022-03-07,2251.77,851.35,4971.35,510.81,1738.61,7372.49,9718.67
364,2022-03-08,2112.86,1062.47,5055.32,495.96,1594.79,7300.48,7232.05
365,2022-03-09,2586.44,470.22,5636.73,392.84,1553.6,7048.99,6376.33
366,2022-03-10,2540.78,501.3,4868.46,480.47,1492.37,6189.69,5869.94
367,2022-03-11,2544.04,689.5,4405.14,521.85,1489.67,6092.72,6848.59
368,2022-03-12,2155.4,810.36,5208.5,537.45,1321.12,5965.36,5886.82
369,2022-03-14,2132.14,814.5,4407.3,536.18,1403.59,6787.65,5843.39
370,2022-03-15,2745.74,1013.2,4644.45,520.79,1319.85,6664.11,5644.99
371,2022-03-16,2762.72,430.69,5068.35,588.0,1336.47,7692.89,4924.88
372,2022-03-17,2421.19,790.22,4871.22,835.79,1217.04,7024.04,5522.65
373,2022-03-18,2647.71,644.54,4428.82,503.49,1248.28,7271.4,6233.97
374,2022-03-19,3228.14,443.71,4533.74,462.24,1211.03,7103.8,5600.94
375,2022-03-21,3353.87,711.6,4592.64,557.4,1233.91,8456.19,5708.23
376,2022-03-22,2742.55,912.88,3939.29,535.69,1230.95,9169.78,6449.22
377,2022-03-23,2362.23,521.72,4795.52,538.71,1137.91,8322.13,6609.63
378,2022-03-24,2319.23,625.27,4339.75,473.43,1086.94,8105.5,6648.5
379,2022-03-25,3116.6,745.76,3715.04,456.56,1043.32,7966.77,8406.28
380,2022-03-26,2373.07,964.53,4970.43,453.06,1110.45,8653.62,8082.36
381,2022-03-28,2753.09,422.91,3759.38,406.42,1077.03,9051.78,9122.63
382,2022-03-29,2759.29,891.8,5140.84,445.81,1073.33,8211.48,9185.21
383,2022-03-30,3203.67,441.79,3739.92,543.65,966.39,9255.98,8870.26
384,2022-03-31,2423.88,729.98,5299.87,575.24,1058.13,10064.2,9030.43
385,2022-04-01,3263.94,545.52,4632.26,530.89,974.95,10072.08,8861.68
386,2022-04-02,3380.78,358.41,4787.01,454.56,853.26,10451.39,8184.75
387,2022-04-04,3060.06,473.03,4752.2,529.95,882.34,8653.56,7646.57
388,2022-04-05,2931.33,495.14,4573.78,544.23,910.02,9672.03,7850.58
389,2022-04-06,3530.42,691.92,5105.72,521.18,884.8,8721.38,8512.84
390,2022-04-07,2435.76,644.39,5643.44,545.61,1021.69,7656.63,7440.33
391,2022-04-08,3458.61,568.46,4901.74,525.61,924.8,8013.56,7141.67
392,2022-04-09,2801.59,585.59,5755.31,495.07,830.64,7348.41,7361.47
393,2022-04-11,2461.87,427.6,4609.39,549.71,866.2,7431.85,7265.03
394,2022-04-12,2871.34,680.93,5326.11,571.77,863.22,6160.51,7432.82
395,2022-04-13,2409.3,388.65,5271.94,910.85,943.0,6525.51,6789.75
396,2022-04-14,3358.4,643.35,4620.35,566.37,919.75,5780.21,6603.63
397,2022-04-15,3429.78,737.1,5613.21,594.09,906.99,5101.73,5908.14
398,2022-04-16,2964.9,577.19,4538.65,649.6,866.86,4354.41,5257.88
399,2022-04-18,3472.35,640.73,3006.22,588.28,866.17,4729.76,5660.76
400,2022-04-19,2499.39,432.45,4209.93,552.53,927.92,5065.14,5468.26
401,2022-04-20,2972.76,713.61,4066.91,586.48,985.88,4585.4,6447.71
402,2022-04-21,3200.0,432.68,3851.78,687.33,1033.99,4303.3,5845.99
403,2022-04-22,3731.25,673.37,4541.58,774.9,970.34,4329.54,6480.85
404,2022-04-23,3408.73,451.12,4922.95,648.07,956.2,4270.95,6905.75
405,2022-04-25,2839.69,644.46,4349.21,716.65,1057.64,5290.83,7396.8
406,2022-04-26,1917.88,485.74,4617.27,699.73,1189.19,4694.28,6941.79
407,2022-04-27,2789.71,718.36,3889.37,629.48,1119.82,4649.34,5410.72
408,2022-04-28,2249.48,543.84,4244.72,669.98,1171.44,4621.22,6344.05
409,2022-04-29,3052.71,798.33,4878.81,723.93,1134.43,4429.8,5678.12
410,2022-04-30,2333.47,923.66,4097.96,602.08,1101.34,4000.39,5491.25
411,2022-05-01,,,8100.0,,,,
412,2022-05-02,2117.92,1094.02,4227.04,648.11,1224.14,4472.17,6469.25
413,2022-05-03,1972.07,604.3,5320.94,629.24,1227.13,4436.49,5422.07
414,2022-05-04,1818.37,552.94,5009.35,740.71,1276.67,3462.75,5956.73
415,2022-05-05,2324.51,682.19,4155.59,630.79,1257.34,4878.23,7779.82
416,2022-05-06,2436.71,1273.57,5017.58,577.61,1221.28,4677.64,7271.71
417,2022-05-07,3057.83,1573.56,4605.04,544.81,1216.91,5378.17,9166.64
418,2022-05-09,3264.09,786.86,4894.83,608.92,1278.88,6444.88,9665.82
419,2022-05-10,4925.14,824.59,4504.36,611.65,1350.84,5800.38,8620.58
420,2022-05-11,2239.09,972.46,5359.56,541.26,1169.53,6022.84,9365.17
421,2022-05-12,2001.58,753.46,5004.79,645.79,1176.85,5977.37,6979.01
422,2022-05-13,2400.88,1193.93,5017.45,548.72,1157.24,5906.95,6630.78
423,2022-05-14,1920.47,1481.35,4550.61,527.54,1088.53,6365.52,7154.83
424,2022-05-15,,,5440.0,,,,
425,2022-05-16,2321.76,727.34,5393.91,606.22,1406.25,5977.32,5099.82
426,2022-05-17,1739.53,757.91,5512.46,639.39,1312.56,6275.04,5932.49
427,2022-05-18,4467.22,662.4,5157.59,571.08,1201.82,6548.09,5715.94
428,2022-05-19,2343.1,796.52,4565.35,582.14,1235.04,5306.63,6531.71
429,2022-05-20,2175.63,793.84,4567.54,596.43,1217.55,5545.94,6378.53
430,2022-05-21,1722.93,936.16,4764.94,588.01,1289.16,4911.29,5942.89
431,2022-05-23,1937.77,785.97,5067.62,611.72,1291.93,5329.58,6688.28
432,2022-05-24,1650.8,747.48,5334.13,606.39,1353.51,4465.47,6403.07
433,2022-05-25,2473.31,740.26,4709.51,680.89,1299.73,4054.28,6674.22
434,2022-05-26,2743.05,718.0,4694.14,680.81,1486.42,4332.68,5468.95
435,2022-05-27,1940.43,970.76,4746.35,661.8,1505.49,3647.23,5357.34
436,2022-05-28,2634.46,1673.86,3904.59,707.57,1440.43,3459.65,4892.37
437,2022-05-30,2628.06,811.06,4681.83,747.34,1474.16,4010.48,6042.42
438,2022-05-31,1918.33,972.72,4773.03,984.34,1512.73,3396.07,4876.83
439,2022-06-01,1636.23,768.58,5480.84,940.43,1445.53,3515.49,6237.09
440,2022-06-02,2590.17,765.73,4642.87,1027.62,1384.86,3784.85,5643.92
441,2022-06-03,3664.31,608.69,5376.52,980.45,1459.77,3704.22,6395.12
442,2022-06-04,2140.31,1429.31,4575.83,999.74,1501.44,4253.03,6158.84
443,2022-06-06,2601.94,738.92,4991.29,881.53,1603.41,4435.64,5644.65
444,2022-06-07,2816.9,1042.48,6249.25,989.04,1662.94,4393.89,5380.46
445,2022-06-08,2432.31,910.92,5369.65,1079.39,1556.79,5667.56,5961.33
446,2022-06-09,1670.28,1106.12,5749.89,933.29,1806.29,5255.59,5259.13
447,2022-06-10,1696.87,770.62,5783.28,937.99,1507.16,5818.74,6303.04
448,2022-06-11,1336.33,484.27,5577.08,883.6,1480.62,4308.48,6900.79
449,2022-06-13,1801.63,830.06,5061.98,939.43,1869.69,4740.32,5747.06
450,2022-06-14,2296.08,569.61,5206.69,1080.98,1624.74,5036.85,5539.35
451,2022-06-15,2290.59,731.85,5518.75,903.97,1390.9,3620.63,5624.55
452,2022-06-16,1923.88,610.99,5729.61,874.25,1327.77,4384.55,4687.53
453,2022-06-17,2046.72,821.51,5539.15,1002.68,1224.16,4153.69,5271.26
454,2022-06-18,1538.23,625.18,5899.46,990.53,1588.18,4323.19,4894.48
455,2022-06-20,2084.49,539.16,5507.81,1046.59,1374.5,4767.54,5585.6
456,2022-06-21,2267.36,700.58,5221.49,907.63,1200.57,3991.07,4993.63
457,2022-06-22,2534.83,708.82,5572.82,1091.06,1387.49,3737.78,4219.81
458,2022-06-23,2041.19,745.64,5620.84,1277.53,1573.8,3890.11,4479.28
459,2022-06-24,1984.92,1131.53,5983.81,1051.67,1475.94,3664.85,4806.44
460,2022-06-25,2472.85,1201.6,5497.89,933.66,1702.96,3494.7,6323.51
461,2022-06-27,2906.6,662.71,5881.35,1005.29,1445.31,3081.12,4719.73
462,2022-06-28,2589.08,1220.33,5012.43,1136.74,1507.11,3001.14,4279.09
463,2022-06-29,2465.05,770.55,5300.29,1073.5,1555.2,2776.22,4477.49
464,2022-06-30,2911.13,1072.56,5801.91,1020.06,1712.17,2762.17,3876.37
465,2022-07-01,2839.07,830.57,5555.32,925.34,1469.37,2822.02,4628.36
466,2022-07-02,3687.77,675.28,5029.32,991.92,1338.62,3143.77,4114.29
467,2022-07-04,2739.69,1227.83,4723.52,1047.56,1232.22,3115.57,4950.86
468,2022-07-05,2133.16,1003.5,5079.3,1047.52,1411.92,3329.6,6036.28
469,2022-07-06,1772.68,1393.32,5931.07,1120.32,1602.66,3705.12,5545.36
470,2022-07-07,3309.05,1543.47,5805.8,1042.67,1312.3,3205.94,6224.57
471,2022-07-08,2288.96,986.8,5312.27,1132.25,1285.59,3461.33,5444.75
472,2022-07-09,3874.61,1666.0,5011.28,959.67,1509.14,3486.17,6172.32
473,2022-07-11,2910.08,1258.75,5539.77,1039.79,1376.77,3588.85,7779.41
474,2022-07-12,2534.03,1236.4,5701.69,1097.56,1690.2,3310.34,6967.64
475,2022-07-13,2374.45,712.12,6482.89,1164.81,1668.26,3405.1,7142.92
476,2022-07-14,2562.99,824.92,6674.49,1124.55,1542.13,2876.51,7588.68
477,2022-07-15,2451.97,2282.51,5897.8,1027.24,1529.7,3147.86,6585.14
478,2022-07-16,3296.98,1326.52,5766.45,1042.84,1682.46,2414.43,6500.8
479,2022-07-18,2545.81,1841.9,5148.65,1106.14,1609.93,2944.21,4553.47
480,2022-07-19,2157.47,677.67,6120.48,1181.66,1925.61,2489.27,5975.79
481,2022-07-20,2807.2,1306.81,5354.19,1110.89,1731.87,2937.16,5329.32
482,2022-07-21,2592.91,1456.18,5640.39,1032.62,1752.76,3227.67,4646.68
483,2022-07-22,3060.73,1713.43,5981.16,985.75,1693.67,3084.98,6344.8
484,2022-07-23,3823.4,1963.57,4955.35,991.11,1797.51,3250.06,6215.78
485,2022-07-25,4901.05,994.8,5494.34,1000.41,1596.8,3392.31,5569.29
486,2022-07-26,3466.95,1453.6,7058.53,985.08,1884.47,2938.39,4915.09
487,2022-07-27,3240.15,1204.35,6137.62,1033.32,1710.87,2974.48,5839.63
488,2022-07-28,3229.54,874.69,4941.26,1061.14,1449.68,3794.03,5114.89
489,2022-07-29,2579.65,864.22,5477.3,1151.96,1345.56,3365.55,5412.01
490,2022-07-30,2992.25,924.08,5531.19,1048.98,1215.86,3460.98,5670.93
491,2022-08-01,2772.04,1038.06,6093.39,1182.72,1727.2,2862.67,4423.28
492,2022-08-02,3062.76,998.98,6343.74,1411.01,1545.43,4054.52,4742.55
493,2022-08-03,2249.73,1199.1,6810.79,1043.21,1579.77,3930.53,6079.17
494,2022-08-04,3480.7,1400.89,6536.77,1029.65,1776.13,3579.05,6203.29
495,2022-08-05,3660.98,1233.89,5739.21,1163.1,2080.19,3786.51,5766.87
496,2022-08-06,2783.94,820.83,4315.0,868.21,2073.24,2010.24,3461.81
497,2022-08-08,1951.67,981.01,5054.52,1167.35,1981.42,3495.25,5603.8
498,2022-08-09,2162.17,1953.01,5245.26,1154.33,2251.85,3317.94,4965.0
499,2022-08-10,3695.39,1091.75,6035.03,1208.74,2304.04,3103.99,5963.38
500,2022-08-11,2595.52,1055.58,7420.45,1228.53,2220.68,3525.78,6874.69
501,2022-08-12,4698.06,1187.77,8152.8,1250.13,2212.83,3704.25,7164.21
502,2022-08-13,3453.81,2859.95,5710.67,1197.27,1843.82,3709.93,7036.85
503,2022-08-15,2757.8,801.1,6660.89,1121.32,1657.91,3890.84,6552.24
504,2022-08-16,3484.88,761.09,6036.44,1312.62,1774.32,3880.25,7315.92
505,2022-08-17,3504.28,918.59,6142.26,1199.82,1962.93,3304.1,7431.7
506,2022-08-18,2130.53,1118.9,6393.37,1241.02,1799.26,3709.11,6815.81
507,2022-08-19,2881.28,1709.67,5586.79,1293.99,1840.59,3810.46,9581.8
508,2022-08-20,4275.65,2659.43,5970.75,1114.89,1924.48,3997.55,8242.23
509,2022-08-22,2567.48,1075.37,5184.12,1237.79,1672.8,3930.76,9083.98
510,2022-08-23,3109.51,2022.59,6069.43,1604.34,1540.89,3751.51,7461.78
511,2022-08-24,3150.25,1496.97,6599.43,1241.09,1358.25,4098.26,7045.31
512,2022-08-25,2821.21,1244.82,6244.26,1548.77,1334.48,3890.72,8440.56
513,2022-08-26,3381.82,2743.95,6161.38,1130.34,1438.43,3761.68,10007.72
514,2022-08-27,3245.87,1917.62,5001.2,1145.88,1577.33,3528.25,11255.51
515,2022-08-29,2963.58,1781.67,6036.6,1153.56,1685.31,3928.02,9796.76
516,2022-08-30,3146.08,996.31,5475.97,1203.5,1528.31,4063.18,10614.55
517,2022-08-31,4028.38,1334.46,7082.66,1207.24,1850.99,3918.79,11039.48
518,2022-09-01,4038.7,1420.01,6145.47,1253.07,2037.81,4146.18,11471.89
519,2022-09-02,3122.82,1308.09,6031.03,1178.01,1933.87,4074.9,12374.45
520,2022-09-03,3101.18,1245.09,5451.01,1214.75,2014.47,3425.22,13988.99
521,2022-09-04,1285.71,1689.19,,,1184.69,,
522,2022-09-05,4193.5,1525.24,5707.8,1314.99,2201.27,3805.55,13187.69
523,2022-09-06,3994.68,1391.61,6589.15,1335.82,1707.44,3915.17,8788.83
524,2022-09-07,3186.55,1616.04,6595.52,1284.31,1691.2,4091.76,10640.53
525,2022-09-08,3085.89,1065.88,6582.3,1384.34,1722.65,4091.73,8890.41
526,2022-09-09,3491.45,719.31,6436.47,1224.48,1417.75,2818.1,6384.91
527,2022-09-12,,825.0,,,2000.0,,4033.33
528,2022-09-13,2860.77,1104.36,6632.1,1355.09,1626.05,3401.14,9560.03
529,2022-09-14,3469.46,996.67,7063.87,1283.61,1391.93,3998.39,7560.05
530,2022-09-15,2963.62,1053.58,6138.1,1296.88,1596.77,4314.4,6852.1
531,2022-09-16,3024.82,1156.67,5865.05,1211.34,1834.03,4210.41,9099.19
532,2022-09-17,3410.33,969.45,5873.94,1256.0,1368.99,3808.74,8002.89
533,2022-09-19,3168.2,1134.54,6015.98,1229.58,1527.63,3207.91,7423.5
534,2022-09-20,2801.77,1284.18,5993.15,1349.99,1483.97,4690.77,6840.43
535,2022-09-21,2701.88,1167.31,6253.19,1216.58,1596.29,5054.19,9008.07
536,2022-09-22,2234.72,1237.68,6230.11,1316.73,1550.17,5196.19,7741.6
537,2022-09-23,2180.52,1671.25,5321.6,1247.94,1710.0,4903.05,8795.93
538,2022-09-24,3249.45,1341.63,5726.93,1164.26,1632.26,4926.3,7753.76
539,2022-09-26,3480.98,1325.71,5928.65,1170.62,1802.34,5049.81,8402.83
540,2022-09-27,2911.49,1320.99,6671.91,1340.71,1718.06,4771.01,9391.47
541,2022-09-28,2155.89,1464.02,5888.08,1252.33,1595.83,5531.02,7987.53
542,2022-09-29,3381.1,1369.97,6564.95,1301.99,1653.25,5233.22,9141.61
543,2022-09-30,2478.44,1612.11,6316.92,1389.28,1496.06,6036.81,8252.72
544,2022-10-01,2384.97,1413.9,5857.05,1015.88,1838.55,6523.39,7908.72
545,2022-10-03,2883.3,1299.14,6008.24,1224.17,1614.13,6969.45,7142.05
546,2022-10-04,4275.55,1606.56,6144.85,1290.06,2110.47,7309.58,7245.09
547,2022-10-05,2632.52,1561.6,6808.74,1404.32,2187.4,7954.54,6656.3
548,2022-10-06,2390.66,1852.62,5945.84,1373.78,1876.27,8660.59,7165.54
549,2022-10-07,1919.32,2185.47,6118.01,1436.34,1845.02,6787.13,5731.18
550,2022-10-08,2083.88,1324.11,6310.04,1325.15,1878.55,7014.6,5937.01
551,2022-10-10,1435.06,1020.89,6120.8,1297.11,1878.19,6443.52,5392.62
552,2022-10-11,2282.37,1009.48,6380.64,1418.57,1771.68,4947.8,6423.79
553,2022-10-12,1879.51,987.6,5933.76,1265.15,1863.99,4304.5,7014.06
554,2022-10-13,1460.93,819.24,6901.81,1504.68,1684.38,4815.98,5957.73
555,2022-10-14,1461.45,1068.34,6122.39,1434.56,1540.93,5054.77,7287.6
556,2022-10-15,1977.02,854.95,6089.77,1322.86,1470.59,6145.21,6724.64
557,2022-10-17,3599.88,941.02,5856.08,1622.41,1350.09,6417.12,7325.59
558,2022-10-18,1562.17,1481.48,7127.45,1340.25,1343.22,6773.61,6549.82
559,2022-10-19,1680.31,759.98,5772.7,1464.18,1256.83,6906.12,6431.79
560,2022-10-20,2443.37,1103.55,5538.44,1279.26,1302.04,6428.87,6259.42
561,2022-10-21,1607.66,857.25,5537.29,1431.17,1333.74,6427.45,6573.83
562,2022-10-22,2138.72,1147.14,6572.59,1256.09,1363.68,7075.26,7017.64
563,2022-10-24,1540.63,1044.75,5972.06,1285.23,1748.68,7240.81,5870.59
564,2022-10-25,1819.29,1701.82,7291.71,1404.06,1599.03,6456.92,6983.04
565,2022-10-26,1424.25,1148.27,5992.63,1479.25,1522.62,8384.72,7189.14
566,2022-10-27,2859.16,912.42,6672.28,1452.85,1447.96,7561.66,5912.3
567,2022-10-28,1430.77,1020.07,6782.51,1282.21,1466.52,8890.91,7246.09
568,2022-10-29,1875.32,625.88,6135.01,1384.29,1363.94,6635.73,6093.11
569,2022-10-31,1949.33,670.35,6503.97,1362.78,1301.12,5852.5,6224.15
570,2022-11-01,1870.39,767.72,6081.96,1402.02,1453.01,6872.37,6311.75
571,2022-11-02,885.53,543.43,7127.38,1414.89,1274.22,4972.56,5815.98
572,2022-11-03,1469.03,845.49,5930.68,1431.95,1449.05,5013.79,5479.24
573,2022-11-04,1241.28,565.08,6224.38,1333.97,1374.51,5228.96,6083.56
574,2022-11-05,2040.83,781.69,5457.68,1391.6,1428.29,5156.06,5467.22
575,2022-11-07,4804.19,708.06,6483.8,1316.03,1814.52,5262.02,5817.61
576,2022-11-08,977.27,549.61,5647.48,1796.42,1494.21,5981.39,5789.67
577,2022-11-09,1273.09,559.59,5156.29,1279.5,1356.49,5850.96,4919.43
578,2022-11-10,1221.55,730.16,5894.24,1345.47,1586.26,4862.25,5949.4
579,2022-11-11,1223.08,704.25,5774.21,1303.2,1686.4,4425.4,5650.68
580,2022-11-12,863.56,515.89,5361.62,1318.85,1401.92,5265.71,5382.45
581,2022-11-14,1643.99,478.98,7334.58,1304.0,1418.84,5407.3,6792.91
582,2022-11-15,1657.45,471.93,5541.18,1389.08,1513.31,4826.27,4761.75
583,2022-11-16,1108.55,510.6,6152.11,1295.35,1437.07,5427.09,4554.41
584,2022-11-17,1607.57,522.26,6645.73,1287.96,1354.67,4949.91,4365.66
585,2022-11-18,1775.63,674.77,6480.1,1252.27,1508.93,5344.52,4578.47
586,2022-11-19,607.38,483.95,5688.97,1300.58,1277.34,5110.39,3787.2
587,2022-11-21,858.34,366.31,5882.25,1425.39,1247.86,4739.07,4341.65
588,2022-11-22,1462.6,602.84,5388.85,1463.15,1208.02,4561.29,4457.21
589,2022-11-23,1178.07,471.58,6054.62,1319.68,1281.15,4515.53,5075.69
590,2022-11-24,1414.41,585.16,6523.56,1291.88,1199.07,4142.0,4487.0
591,2022-11-25,1098.78,417.82,5726.45,1332.75,1224.58,4542.05,4093.63
592,2022-11-26,1611.63,428.0,6141.98,1302.66,1165.75,4645.02,3498.05
593,2022-11-28,2105.69,694.93,5700.82,1314.68,1254.78,4447.5,3574.02
594,2022-11-29,1007.64,876.37,6300.0,1378.2,1226.1,5189.85,4195.59
595,2022-11-30,1398.45,344.96,6420.38,1377.69,1354.93,5032.9,4405.73
596,2022-12-01,1167.43,703.64,4787.01,1406.7,1257.96,5164.69,4740.47
597,2022-12-02,2178.23,697.35,5806.25,1279.37,1291.25,5272.24,4625.0
598,2022-12-03,1463.97,750.81,6010.54,1330.32,1385.57,4722.03,4178.96
599,2022-12-05,2144.82,628.27,4389.2,1550.05,1301.1,4950.83,4324.41
600,2022-12-06,1730.39,731.85,6177.45,1471.81,1374.18,6567.59,5437.09
601,2022-12-07,1375.49,484.98,6162.36,1373.75,1266.97,6435.98,6708.56
602,2022-12-08,1545.42,672.64,5350.99,1441.86,1323.35,6119.39,6104.89
603,2022-12-09,1446.08,494.26,5589.92,1315.9,1382.55,6270.13,6332.23
604,2022-12-10,1667.12,500.11,5417.01,1414.59,1248.08,6174.43,7750.39
605,2022-12-12,2096.43,826.12,5707.74,1350.44,1520.63,5978.96,7731.67
606,2022-12-13,1164.16,819.65,5568.48,1419.8,1503.6,6209.14,8163.13
607,2022-12-14,1791.77,677.29,5483.06,1480.54,1469.0,6559.75,9748.32
608,2022-12-15,2545.65,543.11,5479.24,1393.06,1429.36,5562.29,8507.53
609,2022-12-16,1823.5,918.09,5471.38,1317.18,1460.81,6109.76,8685.17
610,2022-12-17,1248.38,918.81,5455.25,1301.78,1375.47,5473.07,8981.46
611,2022-12-19,2162.6,1122.61,6360.87,1444.41,1491.57,6617.22,9103.09
612,2022-12-20,2433.3,982.14,5440.02,1338.2,1618.87,7063.8,9680.17
613,2022-12-21,2338.93,904.33,5426.77,1418.8,1670.72,6728.07,10996.99
614,2022-12-22,2181.76,581.05,5880.22,1411.72,1763.88,7523.9,11559.22
615,2022-12-23,2762.97,1843.09,4380.86,1341.99,1859.97,7395.96,12470.59
616,2022-12-24,3751.94,3154.51,6030.44,1363.91,1781.24,7434.03,12092.83
617,2022-12-26,2608.75,808.1,5534.96,1292.47,1613.95,7450.56,11643.3
618,2022-12-27,5425.45,690.62,5641.05,1444.64,1696.82,7713.29,13393.07
619,2022-12-28,2588.41,1588.11,5373.4,1356.59,1857.09,6235.14,12978.1
620,2022-12-29,2197.58,772.81,4693.14,1365.63,1776.02,5969.6,13610.84
621,2022-12-30,1974.38,1052.26,5526.19,1297.88,1849.05,6217.21,14400.87
622,2022-12-31,2443.71,2444.49,5218.8,1316.58,1789.43,5739.58,12164.78
623,2023-01-02,2166.2,805.25,5042.51,1329.77,1850.83,6345.93,13643.71
624,2023-01-03,1766.87,910.92,5034.92,1365.91,1519.16,8129.83,13546.34
625,2023-01-04,2304.7,949.62,5117.82,1218.87,1522.91,6989.36,14255.06
626,2023-01-05,2607.97,1299.64,5091.3,1361.0,1830.34,7564.98,13567.14
627,2023-01-06,1372.86,1226.72,5669.98,1402.66,1592.94,6128.7,11541.5
628,2023-01-07,2319.34,1125.85,5306.75,1324.38,1390.2,6293.94,9784.45
629,2023-01-09,1664.18,925.73,4877.23,1379.36,1634.49,5697.48,11346.91
630,2023-01-10,1413.25,1092.36,5336.04,1757.9,1581.92,5422.2,11016.59
631,2023-01-11,2084.43,1444.18,5206.02,1349.25,1261.04,5884.34,9093.84
632,2023-01-12,1140.18,1190.86,5799.17,1257.59,1311.82,5703.41,9588.22
633,2023-01-13,1337.22,1128.72,5918.04,1310.24,1326.73,5820.16,9414.52
634,2023-01-14,2005.86,918.97,5484.38,1258.12,1379.71,5659.77,9745.51
635,2023-01-15,,,,,808.09,5008.85,
636,2023-01-16,2952.33,891.98,5740.84,1346.28,1430.73,5754.98,9847.4
637,2023-01-17,1841.02,929.75,5202.24,1806.63,1415.94,5897.63,9181.07
638,2023-01-18,3076.7,1565.85,5218.98,1327.07,1702.0,5854.46,9374.88
639,2023-01-19,1686.52,1248.22,5826.98,1305.84,2225.46,6299.39,9655.23
640,2023-01-20,1201.23,841.29,5797.54,1342.74,1873.25,5179.75,8841.88
641,2023-01-21,1672.61,2064.65,5710.3,1589.27,1545.94,4862.19,9725.24
642,2023-01-24,,,,,1550.0,,
643,2023-01-25,1963.14,1626.05,6756.13,1491.89,1836.66,6033.0,8988.06
644,2023-01-26,2272.58,1343.1,4672.97,1539.71,1693.43,6129.13,10432.11
645,2023-01-27,4028.27,1667.72,5202.49,1336.61,1675.03,6084.26,11731.71
646,2023-01-28,4410.87,1233.96,5498.33,1372.68,1752.86,5595.26,11333.2
647,2023-01-30,2914.27,1920.41,5266.31,1318.43,2113.31,4864.65,9142.67
648,2023-01-31,2797.22,1793.08,5452.65,1354.86,2100.04,4270.63,8739.45
649,2023-02-01,1719.86,2210.55,4944.63,1371.77,2004.26,4548.25,8906.1
650,2023-02-02,2845.72,1835.25,5313.48,1374.18,1657.18,3930.1,8649.55
651,2023-02-03,2085.33,1506.28,4897.78,1408.31,1735.1,3830.59,8802.42
652,2023-02-04,2308.56,1300.91,4888.19,1389.77,1553.2,3777.85,8148.0
653,2023-02-06,5147.19,1249.76,4630.53,1361.03,1672.49,4105.39,9178.27
654,2023-02-07,1988.34,839.82,6571.07,1458.82,1519.6,4149.8,8728.55
655,2023-02-08,1751.18,1468.39,5156.02,1252.43,1452.62,4207.33,7649.62
656,2023-02-09,1892.93,592.52,5118.53,1416.71,1710.89,3653.69,7709.77
657,2023-02-10,1451.18,923.27,6259.11,1322.76,1709.75,3681.48,6933.92
658,2023-02-11,1636.64,1194.61,4623.22,1458.5,1544.93,4384.67,6404.55
659,2023-02-13,1773.94,1224.94,4497.19,1353.49,1566.0,4068.2,7059.96
660,2023-02-14,2116.82,1319.58,5329.19,1479.64,1829.19,4520.51,7373.02
661,2023-02-15,2592.13,1411.57,5600.12,1382.06,1736.37,4596.16,6356.52
662,2023-02-16,2153.99,1074.67,4800.43,1429.29,1909.0,5078.37,7004.23
663,2023-02-17,2057.58,1040.63,5828.19,1452.67,1954.39,5440.44,7006.2
664,2023-02-18,1763.24,1037.39,5230.44,1466.5,1863.31,8804.1,6532.72
665,2023-02-20,1367.55,1669.94,6390.23,1512.23,1784.09,8433.3,7909.29
666,2023-02-21,1997.92,1255.36,5146.4,1536.86,1756.1,7896.41,7952.31
667,2023-02-22,1809.83,904.08,6097.64,1562.21,2021.44,8712.56,7922.02
668,2023-02-23,1458.6,1363.2,5643.28,1649.15,1940.15,8290.03,9036.7
669,2023-02-24,1771.18,691.88,5922.2,1454.89,1899.63,8260.58,8919.66
670,2023-02-25,1791.02,577.0,4840.0,1564.12,2049.89,8032.59,9416.16
671,2023-02-27,1421.81,1407.6,5551.75,1607.17,1986.78,7947.53,9651.46
672,2023-02-28,2470.58,1058.01,5897.19,1682.94,1943.05,9408.0,9765.21
673,2023-03-01,1742.67,889.73,4533.44,1595.49,2334.91,9861.38,10570.88
674,2023-03-02,2050.88,976.75,4964.91,1764.04,2097.04,10808.0,10282.73
675,2023-03-03,2393.93,1509.98,4906.18,1521.51,2194.93,10588.23,9959.51
676,2023-03-04,2421.7,795.63,4674.2,1769.17,2217.37,9854.85,9994.24
677,2023-03-06,3109.99,1178.05,4672.07,1725.15,2312.77,10908.21,10091.65
678,2023-03-07,1706.82,1158.6,4688.64,1687.26,2433.31,10136.69,8148.58
679,2023-03-08,1427.88,929.34,4436.42,1624.51,2103.87,8873.85,8407.86
680,2023-03-09,2153.5,1437.02,4871.87,2106.92,2098.63,9584.67,7400.0
681,2023-03-10,1805.29,1214.38,4427.59,1433.53,2006.97,10825.19,7350.67
682,2023-03-11,2044.73,919.27,4115.06,1553.0,1739.19,10144.22,5968.41
683,2023-03-13,1477.09,817.95,4687.38,1509.4,1787.64,11460.44,5944.02
684,2023-03-14,2161.5,773.39,4686.77,1640.3,1739.16,12064.84,6154.35
685,2023-03-15,1709.23,1155.55,4684.3,1526.37,1627.56,12975.51,5537.94
686,2023-03-16,2401.84,778.47,4360.14,1483.45,1710.49,13928.65,5412.97
687,2023-03-17,2359.1,1107.03,4481.14,1372.72,1534.12,12142.47,5687.19
688,2023-03-18,3044.31,645.21,4372.72,1390.26,1610.09,13307.39,5352.91
689,2023-03-20,2509.11,891.2,4542.4,1153.04,1531.57,12526.04,6512.81
690,2023-03-21,2028.46,680.39,4701.1,1308.77,1478.18,14353.02,5758.44
691,2023-03-22,1683.13,956.98,5258.59,1313.26,1335.52,13031.34,5864.37
692,2023-03-23,2452.62,801.34,4838.84,1400.96,1381.29,14984.34,6589.89
693,2023-03-24,2739.61,952.77,4507.1,1437.49,1266.34,14345.88,6094.71
694,2023-03-25,2353.19,797.26,3895.85,1412.61,1227.09,13049.03,5734.81
695,2023-03-27,3107.21,664.94,5093.61,1474.63,1319.11,15043.53,5728.16
696,2023-03-28,2509.72,615.93,4730.47,1535.81,1308.9,13667.3,6019.1
697,2023-03-29,2248.28,1337.72,7552.9,1430.18,1432.58,12375.04,6126.58
698,2023-03-30,2411.71,971.57,4386.72,1561.99,1132.08,11313.7,6163.73
699,2023-03-31,2899.22,1212.18,4633.47,1444.98,1306.14,12445.58,7089.76
700,2023-04-01,2921.98,1405.01,5114.38,1331.57,1055.58,12176.6,6580.88
701,2023-04-03,3518.4,1153.34,4078.95,1360.37,1202.38,15162.2,6509.2
702,2023-04-04,3750.79,777.7,5017.3,1447.33,1115.55,13278.36,8304.05
703,2023-04-05,2186.53,987.15,5071.76,1386.55,1526.19,13388.08,8326.69
704,2023-04-06,2753.63,1316.46,4590.33,1699.88,1340.63,14278.89,7240.2
705,2023-04-07,3114.08,1155.08,6322.14,1407.93,1346.22,12137.74,6769.83
706,2023-04-08,3877.67,1168.36,4272.52,1384.19,1206.88,13341.58,5437.12
707,2023-04-10,2819.84,950.06,4740.15,1479.65,1186.71,12419.36,7297.37
708,2023-04-11,2087.59,1062.02,5072.87,1613.73,1167.58,12110.46,7339.07
709,2023-04-12,3678.85,872.78,4646.83,1474.0,1145.39,10154.71,7372.62
710,2023-04-13,2194.39,1041.85,4759.12,1328.65,1142.04,12267.1,7428.11
711,2023-04-14,4163.08,1389.63,3543.77,1368.91,1085.47,12193.38,8327.87
712,2023-04-15,2676.36,865.99,4114.86,1860.56,1054.41,12304.85,7156.25
713,2023-04-17,3446.41,1335.07,3460.53,1250.9,1138.85,15376.11,8629.1
714,2023-04-18,2169.13,1327.3,4179.44,1327.94,1102.96,13376.39,6921.55
715,2023-04-19,2759.84,1839.3,4576.18,1161.17,1029.19,14064.88,7743.88
716,2023-04-20,1941.26,1058.02,5117.93,1244.78,922.63,12356.13,6818.27
717,2023-04-21,2551.08,1175.38,4617.76,1154.01,998.55,12698.15,6659.06
718,2023-04-22,2334.76,1347.72,4430.38,1088.37,1017.35,14078.8,6496.35
719,2023-04-24,1853.02,1319.49,3478.47,919.82,1137.3,11664.53,6597.61
720,2023-04-25,2277.75,916.87,4326.84,949.51,1263.94,9205.5,6701.73
721,2023-04-26,2328.1,1810.26,3896.74,948.8,1318.73,6515.32,7800.95
722,2023-04-27,2502.97,1177.76,3786.88,981.12,1242.9,8252.51,7188.8
723,2023-04-28,2283.0,1206.77,4640.99,977.93,1407.82,8182.4,7068.93
724,2023-04-29,6243.93,1520.61,3858.39,998.98,1286.48,6816.4,7618.12
725,2023-05-01,3017.92,1302.79,3544.67,1046.44,1488.57,6268.08,7436.7
726,2023-05-02,3327.33,1144.48,4343.61,1091.21,1435.43,4993.74,7555.3
727,2023-05-03,3016.87,1483.59,4327.86,1059.01,1355.14,4589.07,8757.82
728,2023-05-04,2382.94,1296.1,4600.62,1115.26,1604.67,5377.33,8437.7
729,2023-05-05,2718.62,1267.3,4656.93,1159.64,1791.87,5338.99,8397.83
730,2023-05-06,3134.61,932.38,4438.04,1376.0,2044.16,4873.97,8320.2
731,2023-05-08,2742.53,980.68,4271.05,1303.96,1964.18,5826.19,8790.12
732,2023-05-09,2726.17,1116.07,3484.9,1327.95,2063.48,4227.72,7707.42
733,2023-05-10,2165.62,780.68,4356.77,1315.78,1793.0,4613.05,7909.55
734,2023-05-11,2307.26,1043.76,4193.7,1230.1,1486.71,5074.97,7746.41
735,2023-05-12,2586.49,864.34,4081.44,1186.08,1403.8,5123.49,8415.98
736,2023-05-13,2883.29,802.08,3491.41,1117.98,1455.74,5206.64,7344.14
737,2023-05-15,2883.69,849.85,4013.14,1116.8,1368.79,5857.87,6982.17
738,2023-05-16,2134.99,850.62,3444.34,1269.08,1423.73,6256.75,8010.32
739,2023-05-17,1871.35,968.51,3967.97,1155.44,1391.65,8030.22,6843.75
740,2023-05-18,1992.27,902.97,4072.44,1092.73,1332.36,8323.82,7027.15
741,2023-05-19,1527.73,820.17,3602.81,1295.21,1252.49,8738.7,6874.75
742,2023-05-20,2908.9,940.32,3555.78,1149.57,1343.86,8821.32,6389.24
743,2023-05-22,2077.95,817.05,3832.93,1040.87,1455.67,8129.27,5687.43
744,2023-05-23,1719.93,843.79,3447.53,1152.8,1440.69,8056.84,4480.8
745,2023-05-24,1911.34,1054.86,3456.0,1116.59,1264.35,6148.58,5471.77
746,2023-05-25,1850.46,841.35,3396.69,1101.75,1240.12,6443.23,5072.75
747,2023-05-26,1575.73,640.02,3758.95,1211.68,1341.53,7517.36,4437.7
748,2023-05-27,1582.63,697.6,3399.81,1263.63,1346.27,7058.58,4516.31
749,2023-05-29,1585.03,553.77,2807.85,1139.89,1411.22,6236.09,4431.8
750,2023-05-30,2087.5,656.95,4135.46,1166.84,1550.83,5689.17,4740.35
751,2023-05-31,3249.99,669.73,4444.51,983.48,1554.15,5198.45,3393.65
752,2023-06-01,2048.94,629.59,3464.6,1212.18,1603.09,5252.93,4392.58
753,2023-06-02,2402.17,620.65,3785.25,1168.6,1481.81,4607.14,3695.77
754,2023-06-03,1751.28,888.59,3322.25,1172.57,1435.95,5287.18,4259.93
755,2023-06-05,2179.25,444.3,3121.38,1174.53,1492.46,4491.95,4781.66
756,2023-06-06,1910.76,621.24,4405.09,1122.02,1381.06,4388.94,4696.25
757,2023-06-07,2353.02,988.49,3451.75,1027.07,1124.75,5006.41,4952.61
758,2023-06-08,2681.12,1322.4,3423.54,889.46,1025.24,5458.62,5012.61
759,2023-06-09,2111.49,813.59,3783.05,863.14,1327.99,6719.2,4468.55
760,2023-06-10,1244.81,844.97,3924.55,986.75,1142.11,6464.43,5044.17
761,2023-06-12,1931.45,556.48,4935.58,898.86,1217.83,7142.53,4438.4
762,2023-06-13,2201.32,633.86,3520.75,923.23,1095.0,6260.37,4096.87
763,2023-06-14,1471.94,597.9,3567.5,1112.16,1060.39,6038.55,4712.2
764,2023-06-15,2021.5,1020.34,3988.54,960.2,1011.62,6738.67,4096.63
765,2023-06-16,1504.48,571.33,3301.15,992.68,1071.95,7653.51,4068.56
766,2023-06-17,2233.57,1107.38,4435.56,1021.55,1140.82,7021.83,4065.68
767,2023-06-19,1586.28,685.5,4310.14,1002.35,1260.51,7047.17,4328.3
768,2023-06-20,2610.0,560.88,4182.11,995.02,1328.45,7701.59,3526.06
769,2023-06-21,1241.82,569.74,4317.02,950.17,1412.7,6889.94,3687.82
770,2023-06-22,2330.61,954.08,4387.93,1023.34,1485.97,8416.73,3674.98
771,2023-06-23,2077.58,1064.86,5227.08,986.53,1456.21,7532.93,3651.43
772,2023-06-24,1897.31,923.38,3796.31,1012.11,1452.4,7332.2,3877.18
773,2023-06-26,3375.1,1672.75,4044.34,1012.32,1927.38,7707.07,4009.97
774,2023-06-27,2059.48,898.35,4120.45,1017.12,1975.52,6587.08,4662.06
775,2023-06-28,2099.84,655.27,3937.77,1003.75,1698.71,6658.68,3727.34
776,2023-06-29,2002.6,1562.17,4303.64,1012.16,1453.38,5504.06,4052.01
777,2023-06-30,1862.21,1737.35,4306.9,1266.67,1292.89,6000.16,3484.71
778,2023-07-01,2067.73,1160.07,4210.16,1010.55,1233.0,5100.7,3511.2
779,2023-07-03,1184.74,491.59,4222.11,1090.84,1297.03,4500.84,3885.35
780,2023-07-04,1628.57,590.68,3779.08,959.39,1138.78,5068.91,3164.31
781,2023-07-05,1703.13,2169.26,4570.5,925.8,1400.22,4279.19,3939.51
782,2023-07-06,2069.29,762.94,4483.15,968.07,1062.19,4272.14,4055.45
783,2023-07-07,3190.58,817.83,3391.65,942.8,1371.61,3885.19,3974.2
784,2023-07-08,2386.79,660.72,3424.99,1084.48,1222.49,3528.19,4037.6
785,2023-07-10,2218.71,701.33,4412.26,1061.06,1248.34,4537.33,5362.12
786,2023-07-11,2190.25,594.69,4124.02,1076.57,1233.9,3924.46,6307.95
787,2023-07-12,1841.63,425.5,4057.87,1075.7,1258.84,3797.76,5468.61
788,2023-07-13,2510.49,648.97,4997.8,1018.42,1215.81,3362.95,5332.29
789,2023-07-14,2431.75,833.62,4318.22,1032.38,1317.1,4195.91,5460.2
790,2023-07-15,3339.75,1626.66,4252.31,1042.46,1310.19,3850.49,5208.82
791,2023-07-17,2189.98,1114.27,4331.19,1048.4,1804.83,4756.61,7126.76
792,2023-07-18,3025.34,952.46,3783.77,1115.71,1726.94,4220.46,6298.63
793,2023-07-19,2681.47,1065.07,4603.64,1104.02,2313.39,4471.89,8162.41
794,2023-07-20,1679.68,586.32,4243.94,1607.86,2189.67,4329.72,7330.03
795,2023-07-21,3200.86,1272.84,3968.38,1025.95,1976.48,3287.39,9072.32
796,2023-07-22,3041.83,991.31,4465.02,1135.13,1785.78,5919.14,10276.84
797,2023-07-24,2375.87,1210.14,4043.92,1061.76,1600.11,5206.47,10221.48
798,2023-07-25,3057.35,778.99,4487.48,993.05,1525.06,4865.0,9701.97
799,2023-07-26,2787.6,1390.19,4778.15,1123.97,1325.14,4080.27,9338.51
800,2023-07-27,2955.05,602.4,4084.98,1052.14,1339.38,4253.27,10343.22
801,2023-07-28,2808.76,828.13,4548.6,977.02,1344.52,3797.78,9047.07
802,2023-07-29,2496.17,479.41,4638.36,1033.26,1520.95,3668.16,8183.67
803,2023-07-31,2721.74,1062.6,4256.29,989.49,1456.62,3568.18,7609.2
804,2023-08-01,2440.08,990.21,4686.68,1018.13,1350.71,4252.49,8059.16
805,2023-08-02,2047.25,1694.8,4394.34,1048.08,1298.93,3909.75,8621.62
806,2023-08-03,1981.22,1294.77,4347.56,1198.48,1937.0,4143.34,7785.07
807,2023-08-04,3838.96,1295.51,3827.8,1100.14,2114.62,4601.45,8513.38
808,2023-08-05,2259.18,903.25,2353.17,865.44,2658.67,3502.26,6333.88
809,2023-08-07,2632.34,905.85,3588.04,1084.71,1832.35,4196.53,9363.6
810,2023-08-08,3352.68,774.31,4469.26,1019.16,1665.86,4238.82,6777.88
811,2023-08-09,2618.15,1041.42,4148.89,1170.17,1965.1,3464.9,6274.76
812,2023-08-10,3060.2,1147.24,4192.01,1258.96,2066.88,3405.15,8302.43
813,2023-08-11,4445.73,960.81,4264.39,1121.87,2572.21,3711.11,8934.5
814,2023-08-12,4158.84,1919.63,4712.72,1170.92,2112.53,4047.27,9316.72
815,2023-08-14,3483.32,856.98,3946.6,1260.92,1452.86,3681.46,9218.58
816,2023-08-15,3534.72,1127.55,3624.23,1209.24,1357.66,3230.8,7030.38
817,2023-08-16,3119.51,931.16,4110.27,1128.46,1304.39,3477.6,6124.5
818,2023-08-17,2632.2,671.33,4207.61,1193.56,1305.35,3169.82,7084.34
819,2023-08-18,2516.22,555.93,3944.12,1068.26,1312.31,3705.65,10417.17
820,2023-08-19,2556.83,1703.98,4918.56,1050.0,1394.49,3517.54,7744.16
821,2023-08-21,2084.98,984.28,4077.29,1135.69,1373.59,3866.09,8008.4
822,2023-08-22,2720.09,912.14,4673.54,1307.32,1436.23,4263.97,7631.99
823,2023-08-23,2579.63,1071.36,4095.54,1082.62,1405.15,3330.1,7568.06
824,2023-08-24,2973.47,1060.7,4774.53,1243.2,1359.33,3561.87,5907.39
825,2023-08-25,3274.89,941.16,4609.6,979.62,1578.29,3934.57,6308.56
826,2023-08-26,2551.81,897.29,4069.7,1068.91,1603.29,3428.03,6991.11
827,2023-08-28,2775.94,972.88,4778.53,1127.16,1621.35,3561.19,8881.92
828,2023-08-29,2323.35,1874.93,4087.35,1190.63,1654.95,3433.57,7228.24
829,2023-08-30,2540.3,1798.69,5421.97,1176.43,1503.98,3681.62,6906.23
830,2023-08-31,2430.26,2759.88,4441.47,1099.94,1552.57,3721.55,7811.7
831,2023-09-01,2185.16,805.65,4813.88,1287.71,1533.78,3385.38,6885.77
832,2023-09-02,2425.13,953.82,3761.86,1200.53,1548.2,3379.26,8223.45
833,2023-09-04,3116.96,1600.52,4614.01,1226.51,1445.56,4064.72,7710.63
834,2023-09-05,3112.23,2135.72,4919.74,1180.46,1446.92,3577.62,7036.56
835,2023-09-06,2501.38,837.08,4829.67,1247.87,1443.22,3629.47,8330.98
836,2023-09-07,2860.37,3447.38,3861.19,1237.06,1434.77,3477.53,8364.86
837,2023-09-08,2946.06,1507.52,3896.14,1201.65,1462.38,3820.36,7904.64
838,2023-09-09,2006.63,1979.39,4746.16,1122.7,1334.99,3439.67,7494.9
839,2023-09-11,2326.07,1319.73,5464.97,1213.84,1563.99,4862.54,9540.53
840,2023-09-12,2302.38,1505.02,4093.05,1178.01,1617.05,4654.84,9499.76
841,2023-09-13,2275.38,1712.28,4312.77,1095.45,1459.06,4504.06,8778.0
842,2023-09-14,2546.86,1370.19,4580.89,1181.05,1817.35,4794.94,9408.89
843,2023-09-15,2306.89,1676.28,4384.62,1242.01,2057.66,6110.84,8779.3
844,2023-09-16,2417.5,1327.27,4480.36,1234.93,1975.41,6128.07,8108.96
845,2023-09-18,2827.23,1326.27,4429.84,1312.09,1764.08,5159.98,9253.44
846,2023-09-19,3177.39,1034.39,4971.95,1148.67,1771.65,4966.84,8350.37
847,2023-09-20,1847.38,824.8,4162.17,1011.81,1641.82,4266.95,6376.91
848,2023-09-21,2807.98,1371.93,4424.85,1141.72,1667.04,4352.04,6074.95
849,2023-09-22,2500.69,1167.08,4743.32,1082.12,1650.2,4256.23,8715.34
850,2023-09-23,2459.51,853.58,4291.67,1104.71,1700.44,4729.73,7796.82
851,2023-09-24,1907.5,182.06,,850.0,917.15,,
852,2023-09-25,2706.06,939.83,4295.17,1102.56,1983.35,3617.92,11314.93
853,2023-09-26,2861.07,1026.89,4166.13,1129.23,2260.78,5727.41,12643.09
854,2023-09-27,4366.28,1343.4,4640.09,1244.8,2537.68,4929.77,11737.74
855,2023-09-28,4908.96,898.17,4804.55,1250.61,2600.54,4588.24,9066.26
856,2023-10-02,3173.63,827.42,4632.34,1195.71,2538.39,5623.59,8489.44
857,2023-10-03,1847.14,649.48,4612.21,1235.72,2032.19,6914.01,7572.76
858,2023-10-04,3422.9,855.81,5427.82,1002.75,1776.7,4802.63,7580.22
859,2023-10-05,1927.93,712.32,5065.51,1237.25,1979.63,4318.83,7841.81
860,2023-10-06,1987.47,640.62,4185.94,1187.87,1984.14,3662.17,8778.13
861,2023-10-07,1556.76,703.53,4012.58,1222.15,2080.93,4234.04,8810.4
862,2023-10-09,1843.57,823.89,4062.3,1124.3,2002.09,4212.0,9164.23
863,2023-10-10,1744.24,870.64,5067.14,1200.48,2092.99,5704.1,8683.88
864,2023-10-11,2265.74,680.14,4869.36,1134.52,1702.33,5625.78,7841.16
865,2023-10-12,1975.41,758.44,5129.97,1166.28,2037.8,5566.27,7858.1
866,2023-10-13,2685.42,753.48,5288.09,1096.51,1804.09,6164.05,7624.2
867,2023-10-14,2766.95,1207.96,4379.97,1107.72,1957.78,6465.52,7099.08
868,2023-10-16,2355.48,564.61,5674.02,1209.08,1918.74,5215.45,6916.77
869,2023-10-17,2119.03,565.89,5068.74,1167.75,2150.19,5693.65,7215.54
870,2023-10-18,2089.32,565.29,3823.47,990.86,1987.36,6241.9,6154.5
871,2023-10-19,2228.33,656.19,4708.28,1578.18,2179.45,5374.47,6617.2
872,2023-10-20,2485.51,622.46,4323.9,1186.05,2292.05,5759.48,7383.64
873,2023-10-21,2723.14,979.04,4349.38,1131.62,2434.79,5753.66,5821.65
874,2023-10-23,2473.6,433.08,4681.42,1099.87,2242.08,5596.32,6442.86
875,2023-10-24,1647.43,762.42,4960.53,1168.44,2304.32,6549.5,5637.33
876,2023-10-25,2020.98,878.72,4200.75,1015.52,2087.63,5510.54,6192.38
877,2023-10-26,1205.12,391.32,4933.95,1141.32,2063.8,5819.03,6067.09
878,2023-10-27,1445.77,536.69,4224.79,1061.23,2004.34,5215.42,5741.11
879,2023-10-28,2060.97,578.46,4664.53,1107.73,1943.9,6375.96,5968.62
880,2023-10-30,1290.93,449.24,4216.32,1290.33,1973.24,5081.4,6177.73
881,2023-10-31,1598.66,380.72,4487.24,1130.97,2015.65,5046.84,5622.0
882,2023-11-01,1937.54,454.58,5159.33,1089.39,2160.15,4691.69,5407.0
883,2023-11-02,1815.37,626.76,4579.04,1203.24,2210.8,4947.92,5109.71
884,2023-11-03,1474.7,450.84,4509.71,1169.1,2298.85,4786.67,5286.32
885,2023-11-04,800.01,310.12,4089.87,1020.18,2207.74,4066.79,4227.98
886,2023-11-06,1928.65,468.76,4935.66,1134.39,2259.03,4283.26,4603.7
887,2023-11-07,2281.37,579.49,4683.07,1074.62,2594.72,3807.33,3528.9
888,2023-11-08,1866.07,608.55,4178.09,1156.28,2644.77,3776.94,4638.6
889,2023-11-09,1233.01,395.04,4858.78,1181.63,2308.69,3723.64,3839.35
890,2023-11-10,1381.05,387.99,4453.38,1116.77,2369.75,3811.13,4429.47
891,2023-11-11,1428.7,553.32,4280.43,1121.7,2174.51,3811.58,3480.3
892,2023-11-13,1537.2,602.93,4276.94,1139.87,2193.79,3838.26,5183.45
893,2023-11-14,1605.5,626.82,4272.78,1164.38,2266.09,3917.76,5953.18
894,2023-11-15,979.36,329.72,5102.33,1313.44,2236.55,3505.77,6892.19
895,2023-11-16,1675.08,617.34,5108.96,1185.47,2069.56,4690.96,5089.18
896,2023-11-17,1517.15,775.99,4756.89,1068.05,2021.15,4193.32,6579.02
897,2023-11-18,1805.96,935.82,4398.12,1156.38,2255.56,4358.04,6885.01
898,2023-11-20,1788.78,756.51,4586.85,1085.04,2410.78,4440.07,6299.9
899,2023-11-21,1320.97,1091.42,4736.42,1185.88,2091.17,4159.17,6172.52
900,2023-11-22,1294.15,486.33,3709.02,1143.29,2175.62,4062.06,6461.12
901,2023-11-23,1795.65,602.64,4866.43,1249.08,1946.42,4108.03,6549.17
902,2023-11-24,1307.44,626.71,4424.15,1079.5,1955.94,4661.73,6488.48
903,2023-11-25,1549.98,1135.46,4315.78,1090.2,2109.58,5533.01,7266.34
904,2023-11-27,2003.28,748.1,4742.72,1075.33,2144.65,5812.96,6145.95
905,2023-11-28,1606.79,733.77,4957.18,1559.06,2051.84,5307.85,5716.33
906,2023-11-29,1298.64,866.11,4584.0,1248.08,2021.06,5270.34,5370.95
907,2023-11-30,1108.88,608.37,5587.87,1107.46,2101.33,6537.69,5043.29
908,2023-12-01,1338.99,749.35,5219.87,1319.52,2083.09,5371.45,5252.84
909,2023-12-02,1530.55,656.54,5612.77,1098.33,2051.3,5462.11,5272.06
910,2023-12-04,2268.79,634.04,5325.21,1073.28,2323.25,6686.63,6462.83
911,2023-12-05,1732.85,842.01,4116.18,1174.78,2347.62,6322.61,6334.2
912,2023-12-06,1732.08,1020.59,4200.13,1085.63,2309.49,5816.84,6143.27
913,2023-12-07,1754.9,712.99,4675.87,1195.95,2375.62,6536.6,5745.95
914,2023-12-08,1489.14,525.17,4305.23,1089.73,2417.68,6175.78,5999.62
915,2023-12-09,1943.31,568.4,3901.49,1175.32,1921.72,5960.0,5348.16
916,2023-12-11,1801.51,427.0,4014.4,1129.81,1834.11,6264.32,5568.12
917,2023-12-12,1552.44,630.8,4876.86,1192.91,1877.93,6682.35,5215.39
918,2023-12-13,2136.29,957.98,4986.18,1215.58,1659.65,5633.35,6023.41
919,2023-12-14,2159.97,967.77,4898.17,1092.87,1877.48,7163.46,5789.89
920,2023-12-15,1607.14,1048.67,5089.55,1140.1,1991.81,5674.42,5975.19
921,2023-12-16,1859.6,863.9,5821.89,1081.63,2136.38,5530.35,5953.49
922,2023-12-18,2240.27,1708.71,4710.94,1142.18,2451.51,5311.31,5893.86
923,2023-12-19,2074.68,1105.37,4924.43,1145.05,2510.25,5550.62,7009.11
924,2023-12-20,1999.71,1200.65,4444.5,1225.25,2526.15,5242.47,7849.1
925,2023-12-21,2408.07,2400.53,5030.36,1104.12,3120.2,4703.43,8452.25
926,2023-12-22,2438.56,3531.29,4810.43,1290.03,3330.71,4161.53,9985.44
927,2023-12-23,2834.0,2744.05,4444.99,1247.74,3237.07,4372.44,9995.51
928,2023-12-25,2884.48,2847.09,4264.82,1157.3,3122.31,4839.91,12105.56
929,2023-12-26,1866.88,1582.08,4733.53,1207.62,3075.9,4701.71,14751.07
930,2023-12-27,2841.27,3384.16,5079.63,1198.8,3227.87,4694.67,14568.28
931,2023-12-28,1763.94,1467.01,4640.51,1138.85,3158.14,4234.09,13604.06
932,2023-12-29,2472.77,1905.2,4834.98,1112.62,3780.39,3734.07,18182.37
933,2023-12-30,1278.89,5592.02,5324.33,1160.65,3453.01,3045.4,13630.13
934,2024-01-01,2471.07,508.0,212.5,1640.0,2330.0,6400.0,6944.44
935,2024-01-02,1819.95,510.62,5188.37,1380.51,3594.86,5418.15,16629.64
936,2024-01-03,2695.99,1265.37,4429.82,1118.11,2643.05,4162.49,11464.26
937,2024-01-04,2786.04,2332.09,5058.3,1185.43,2929.4,4375.52,12508.42
938,2024-01-05,2364.47,749.74,4592.47,1170.38,2895.54,4533.73,13596.79
939,2024-01-06,2585.32,471.71,4457.88,1084.54,2777.82,3703.45,11437.12
940,2024-01-08,1610.76,1335.37,4698.58,1260.16,2651.6,4059.54,11647.67
941,2024-01-09,1447.25,877.96,5136.85,1561.45,2599.89,3572.19,11252.8
942,2024-01-10,2094.56,1421.8,5284.69,1065.96,2460.69,3352.97,10003.5
943,2024-01-11,1928.63,986.91,5273.19,1220.58,2366.68,3613.26,10446.97
944,2024-01-12,1302.02,1714.93,5220.56,1143.13,2145.49,3695.66,9374.02
945,2024-01-13,2490.29,1783.99,4827.76,1167.01,2097.0,3589.57,9010.93
946,2024-01-15,2607.01,1751.77,4666.39,1081.31,2226.76,4029.4,10625.25
947,2024-01-16,1795.58,1472.17,4739.89,1123.97,2320.63,3970.99,9127.69
948,2024-01-17,2094.28,1851.72,4282.24,1049.89,2278.87,3709.58,9096.53
949,2024-01-18,1640.86,1268.12,4941.24,1142.39,2176.59,3611.6,9004.42
950,2024-01-19,2591.95,1763.89,4448.92,1019.79,2321.61,3920.01,9310.48
951,2024-01-20,2500.03,1272.95,5154.61,1170.19,2477.64,3995.37,9300.96
952,2024-01-22,3228.82,2018.75,4369.69,1082.25,2460.89,4049.94,9535.2
953,2024-01-23,3463.87,1586.45,5255.69,1567.47,2803.4,4269.45,9353.69
954,2024-01-24,2081.52,2336.88,5225.47,1162.97,2923.65,4272.11,9289.04
955,2024-01-25,1811.05,1173.7,5544.21,1119.11,2815.09,4369.24,8709.24
956,2024-01-26,2617.27,2021.65,4476.98,1110.2,2908.96,4540.5,9351.24
957,2024-01-27,2982.56,1972.6,4529.9,1113.7,2842.55,4067.86,9669.61
958,2024-01-29,2375.35,1575.87,4180.43,1081.5,2730.09,5448.51,11219.47
959,2024-01-30,1889.34,1375.55,4885.99,1137.64,2634.75,5365.94,11799.98
960,2024-01-31,2370.13,1922.13,4924.84,1126.21,2840.61,5151.81,11403.25
961,2024-02-01,2527.42,1807.95,4845.76,1571.99,2710.25,4874.27,11593.9
962,2024-02-02,1758.18,3073.01,4665.49,1117.15,2941.58,5526.56,13285.79
963,2024-02-03,2538.11,1368.56,4947.55,1181.61,2893.5,4697.56,12044.4
964,2024-02-04,,,,1105.0,1064.27,,
965,2024-02-05,2233.36,1753.41,4880.23,1212.72,3021.79,4788.03,12081.84
966,2024-02-06,2463.92,1305.84,5874.55,1554.2,3345.03,5927.29,11584.36
967,2024-02-07,2541.08,1795.94,6969.83,1120.21,3406.69,5011.63,8702.04
968,2024-02-08,1968.74,2110.58,4956.71,1758.79,2992.51,4408.54,8948.92
969,2024-02-09,1984.91,1363.11,5194.26,1830.42,2038.09,5090.14,6507.46
970,2024-02-13,3563.22,2285.31,4730.86,1209.65,2938.75,5379.57,10058.13
971,2024-02-14,2965.58,2100.08,5722.88,1159.45,2473.8,5586.66,8795.33
972,2024-02-15,3236.59,1012.93,4777.89,1577.92,2497.63,6480.42,8212.57
973,2024-02-16,3194.85,1219.21,4347.82,1153.79,2146.04,6176.34,6018.19
974,2024-02-17,3012.36,1690.63,4148.37,1130.01,4078.74,5724.5,5689.5
975,2024-02-19,2632.24,1595.02,4989.27,1266.53,2862.99,6488.42,6362.14
976,2024-02-20,2799.74,1361.21,4260.8,1300.71,2462.61,6176.96,5883.2
977,2024-02-21,2731.31,1249.18,3245.2,1169.37,2118.1,6331.64,5434.84
978,2024-02-22,2252.57,1159.19,4552.82,1334.38,2290.27,8364.27,5749.57
979,2024-02-23,3144.43,1424.77,4354.79,1222.91,2081.84,7803.11,5848.81
980,2024-02-24,2074.05,1063.24,4565.57,1247.15,2610.26,9570.65,5941.46
981,2024-02-26,2651.27,839.54,5817.86,1278.97,3177.31,9148.8,7085.91
982,2024-02-27,2820.98,1785.57,5524.21,1241.44,2798.71,9227.64,8701.43
983,2024-02-28,2257.21,836.97,3886.75,1233.54,2905.05,9527.43,9010.4
984,2024-02-29,2545.65,831.66,5310.61,1299.74,2990.83,10344.4,9269.35
985,2024-03-01,1790.67,1047.62,3810.36,1204.97,2766.46,14366.73,11194.04
986,2024-03-02,2203.31,627.23,4072.54,1695.13,2670.58,9394.8,8516.28
987,2024-03-04,2247.13,1098.28,4499.36,1609.36,2790.22,10371.26,10944.77
988,2024-03-05,2858.2,1422.75,3566.68,1204.78,2630.92,10377.48,11074.51
989,2024-03-06,3673.58,1097.83,3853.41,1185.43,2481.54,10000.39,11678.27
990,2024-03-07,3015.78,1439.61,6227.89,1225.96,2359.76,9522.26,9421.95
991,2024-03-08,2957.93,1066.57,4592.42,1284.93,2277.9,8590.5,10269.35
992,2024-03-09,3002.02,803.51,4282.27,1742.92,2498.79,9152.38,9308.25
993,2024-03-11,3794.37,1181.12,4340.3,1232.08,2355.62,9270.84,8637.8
994,2024-03-12,3126.88,948.83,4119.16,1392.24,2147.15,8499.09,10297.49
995,2024-03-13,4855.08,862.96,4280.75,1281.81,2230.13,9462.85,9727.58
996,2024-03-14,3080.58,1408.65,4283.09,1771.21,2117.24,8958.09,9692.77
997,2024-03-15,2815.32,1526.22,4391.57,1431.27,2073.97,8929.76,8869.41
998,2024-03-16,3257.09,936.04,3805.86,1437.82,2074.77,9436.65,8651.98
999,2024-03-18,3159.1,1687.19,4619.41,1467.1,1940.1,9786.42,7483.48
1000,2024-03-19,2878.72,1392.56,4176.14,2003.06,1941.57,10299.85,9315.13
1001,2024-03-20,2956.49,1466.22,3672.29,1494.79,1798.68,10787.87,7177.41
1002,2024-03-21,2599.28,1089.51,4547.6,1580.04,1836.72,10017.72,7611.46
1003,2024-03-22,3725.15,899.06,4709.93,1449.91,1854.09,10518.2,6720.71
1004,2024-03-23,3600.55,1338.8,4051.3,1260.05,1812.87,10975.3,6797.33
1005,2024-03-25,3279.07,1125.27,4333.14,1186.23,1773.18,14126.37,6920.21
1006,2024-03-26,3393.33,1020.76,5377.4,1948.75,2003.01,12955.95,6210.26
1007,2024-03-27,3291.35,1007.29,4494.57,1332.79,1794.43,14445.96,5735.1
1008,2024-03-28,3552.09,1299.84,4125.14,1504.92,1807.3,13598.95,5597.09
1009,2024-03-29,2959.78,1231.54,4639.54,1443.68,1801.43,13917.52,5893.68
1010,2024-03-30,3145.28,845.97,4383.85,1545.89,1622.65,13558.02,5814.35
1011,2024-04-01,3138.97,871.52,4594.67,1589.85,1664.97,12842.02,6110.31
1012,2024-04-02,3634.64,1172.25,4098.81,1466.34,1750.94,14786.8,5977.0
1013,2024-04-03,2946.62,1429.56,4216.99,1507.78,1602.81,16262.97,6349.75
1014,2024-04-04,3564.47,1022.74,3923.75,1667.93,1620.96,14375.79,6611.01
1015,2024-04-05,3871.61,1514.05,4722.09,1543.68,1705.49,15940.87,6834.7
1016,2024-04-06,2927.48,1393.35,4104.56,1543.51,1515.89,16663.94,6440.48
1017,2024-04-08,3234.2,1826.48,4098.08,1334.57,1518.61,16473.34,6414.29
1018,2024-04-09,4707.06,1093.16,4570.32,1357.72,1406.11,15693.25,6734.81
1019,2024-04-10,3340.3,1351.34,4480.77,1258.54,1439.11,14578.56,6655.27
1020,2024-04-11,2723.27,968.52,3685.4,1378.77,1411.89,12079.99,6472.93
1021,2024-04-12,3173.17,1739.82,3534.1,1261.43,1258.35,12437.76,5873.06
1022,2024-04-13,2534.81,1848.59,4896.4,1402.52,1675.4,14755.62,5330.88
1023,2024-04-15,2133.54,1001.69,3706.86,1274.43,1431.6,13499.88,6300.35
1024,2024-04-16,3865.51,860.02,3715.9,1516.42,1769.1,13028.79,6166.02
1025,2024-04-17,3588.8,1504.65,3386.37,1197.39,1490.77,13195.56,5281.34
1026,2024-04-18,3379.74,947.22,4282.74,1841.79,1608.44,13641.96,4984.72
1027,2024-04-19,2894.59,1161.74,4212.44,1216.61,1541.44,13209.19,5130.14
1028,2024-04-20,3044.35,1334.86,4092.5,1845.64,1420.59,13259.09,5001.79
1029,2024-04-22,2568.57,1558.59,4230.5,1551.98,2360.23,12974.15,5773.8
1030,2024-04-23,2879.73,1441.86,4220.15,1510.08,1803.66,12767.5,5351.03
1031,2024-04-24,2685.3,1432.67,3731.78,1315.29,1636.28,16088.68,4789.41
1032,2024-04-25,2380.52,893.29,4038.43,1499.78,1601.54,13069.94,4779.69
1033,2024-04-26,2765.13,1373.64,4084.46,1393.81,1840.49,14504.71,5152.77
1034,2024-04-27,3231.81,714.43,4280.2,1481.6,1669.32,13553.32,5037.98
1035,2024-04-29,3426.52,840.41,3796.58,1698.53,1531.51,14378.58,5324.2
1036,2024-04-30,2776.89,1149.38,3285.36,1891.36,1621.16,15644.03,6160.53
1037,2024-05-01,2543.14,846.66,3596.84,1138.23,1663.88,18900.88,5074.96
1038,2024-05-02,2261.14,1058.26,3891.06,1921.69,1642.54,15238.39,5583.76
1039,2024-05-03,2545.89,1077.61,4102.55,1272.84,1659.33,13795.0,6285.66
1040,2024-05-04,3522.46,752.99,3671.8,1185.46,1720.34,11912.74,5747.07
1041,2024-05-06,2303.05,769.57,3860.33,1412.61,1909.3,11143.88,5540.56
1042,2024-05-07,2012.67,782.32,4239.27,1523.42,1937.6,8714.86,4454.67
1043,2024-05-08,2666.06,987.83,3573.11,1374.24,1624.56,6764.3,4796.01
1044,2024-05-09,2378.13,939.67,3711.61,1368.75,1507.26,5787.17,4880.15
1045,2024-05-10,2501.79,1030.36,3543.23,1386.6,1752.97,5639.65,5818.04
1046,2024-05-11,1870.73,778.78,3223.58,1380.44,1396.24,4897.8,5533.61
1047,2024-05-13,2711.28,595.03,3790.55,1181.58,1415.71,5480.29,5387.09
1048,2024-05-14,1919.93,1196.86,3534.29,1243.05,1385.81,5728.12,6124.97
1049,2024-05-15,3152.1,817.62,3544.64,1008.66,1338.22,5901.92,6135.33
1050,2024-05-16,2758.34,904.21,2888.19,1280.21,1304.42,5698.47,4751.64
1051,2024-05-17,2928.35,773.97,3910.74,1178.21,1321.46,6857.01,5964.17
1052,2024-05-18,2024.04,969.65,4323.8,1649.4,1307.14,6518.1,4359.19
1053,2024-05-20,2979.31,913.89,3753.33,1005.29,1325.43,7148.82,5031.65
1054,2024-05-21,4122.95,1239.82,3990.56,1533.73,1322.14,7983.39,4677.84
1055,2024-05-22,2645.26,1247.12,3554.26,949.81,1328.38,8702.41,3924.67
1056,2024-05-23,1427.18,783.27,4167.47,1154.83,1209.97,7640.63,4077.77
1057,2024-05-24,1791.09,841.25,3602.82,1084.82,1270.72,8856.15,4104.22
1058,2024-05-25,2768.02,1064.06,3528.81,996.01,1257.37,8423.13,4326.75
1059,2024-05-27,2160.83,995.51,3534.4,939.71,1370.9,10088.79,3834.13
1060,2024-05-28,3160.57,1096.85,3616.04,1429.67,1283.09,9152.52,4365.3
1061,2024-05-29,2181.82,993.62,3819.43,1165.42,1429.47,7961.45,3323.34
1062,2024-05-30,1954.03,802.94,4029.92,1003.93,1176.81,8998.32,3913.74
1063,2024-05-31,2162.75,761.75,3508.19,1097.02,1198.34,7345.96,3383.99
1064,2024-06-01,2743.72,1185.35,3758.53,1012.64,1168.75,7590.8,3197.38
1065,2024-06-03,2308.82,981.7,3661.76,998.17,1316.8,6273.51,4169.96
1066,2024-06-04,1993.35,790.36,4048.65,906.18,1187.45,7336.24,3106.26
1067,2024-06-05,2302.28,627.2,3272.24,1278.76,1349.63,6364.55,4215.99
1068,2024-06-06,2045.64,596.71,4074.31,897.86,1027.22,5170.3,3387.96
1069,2024-06-07,1478.06,695.3,3678.15,810.19,1253.67,5665.35,2858.49
1070,2024-06-08,2394.46,1434.1,3069.82,789.95,1293.0,4977.99,3207.21
1071,2024-06-10,2059.21,729.68,3810.63,826.23,1356.07,5389.99,3870.99
1072,2024-06-11,1942.46,1067.22,3382.34,865.55,1251.76,5843.76,3224.09
1073,2024-06-12,1532.19,1203.17,3742.05,808.99,1105.75,5049.88,3812.53
1074,2024-06-13,2113.9,599.81,3855.09,952.77,1056.1,5636.21,3595.13
1075,2024-06-14,1986.92,1397.26,3429.4,797.75,926.97,5296.67,3358.26
1076,2024-06-15,2153.68,1045.27,3551.77,784.28,1074.83,4901.37,3517.84
1077,2024-06-17,1950.43,1017.37,3486.68,809.61,1206.27,5526.04,4550.06
1078,2024-06-18,2294.33,635.18,3222.56,796.45,1293.42,6036.06,3155.01
1079,2024-06-19,2071.18,747.95,3158.02,739.15,1081.52,5652.04,3297.45
1080,2024-06-20,2487.4,1154.66,3339.9,799.67,1073.59,6511.99,3333.42
1081,2024-06-21,2058.92,774.97,3178.2,800.31,1040.31,5662.5,3330.92
1082,2024-06-22,2791.32,845.57,3023.22,736.34,1312.19,5306.49,3256.69
1083,2024-06-24,2458.08,686.77,3421.67,805.13,1594.52,5212.21,4164.6
1084,2024-06-25,2428.47,625.48,3891.88,830.99,1451.04,4944.93,3199.97
1085,2024-06-26,2362.98,970.01,3408.25,807.23,1312.74,4498.48,3142.81
1086,2024-06-27,1392.25,1293.89,3663.02,929.49,1291.61,4670.66,3258.1
1087,2024-06-28,2171.89,734.67,4286.13,843.12,1362.88,4483.96,3303.43
1088,2024-06-29,2823.81,1121.9,3799.94,1138.63,1398.56,4377.0,3707.02
1089,2024-07-01,2813.73,860.74,3727.1,915.51,1572.71,5211.59,3868.25
1090,2024-07-02,2934.22,808.74,4225.95,1356.73,1198.43,4421.13,3304.18
1091,2024-07-03,3186.69,1100.02,3616.48,949.13,1041.43,3226.79,3280.24
1092,2024-07-04,3313.04,1035.62,3400.57,893.46,994.69,3683.75,3234.09
1093,2024-07-05,3157.3,989.01,3555.35,805.83,962.9,3177.06,2848.33
1094,2024-07-06,1850.11,944.45,3523.55,797.62,1164.42,2889.32,3457.34
1095,2024-07-08,2449.08,1082.69,4211.04,838.42,1022.05,3059.45,2989.7
1096,2024-07-09,2366.48,1145.08,6233.45,924.56,1058.83,3374.65,3777.59
1097,2024-07-10,2860.65,1466.67,3615.3,993.04,1291.43,3436.37,3513.3
1098,2024-07-11,3357.45,876.97,3790.97,909.69,1374.33,3416.59,5949.77
1099,2024-07-12,2388.57,813.73,3496.04,734.21,1212.49,3651.96,6502.1
1100,2024-07-13,2312.81,972.14,3185.41,818.84,1136.98,3566.23,5460.17
1101,2024-07-15,3255.93,1367.93,3648.59,918.88,1357.04,3364.66,5666.49
1102,2024-07-16,3802.01,880.14,3501.28,1053.5,1102.93,3082.63,5839.04
1103,2024-07-17,3276.09,1336.17,3969.03,1093.73,1037.27,3226.05,5622.37
1104,2024-07-18,3186.79,959.73,4649.77,972.86,1009.81,3696.36,6069.22
1105,2024-07-19,2906.63,1183.63,4500.91,928.16,1056.74,3977.79,6814.65
1106,2024-07-20,4045.68,1501.0,3527.12,819.19,1138.28,3222.57,5166.32
1107,2024-07-22,3420.0,1046.67,3994.09,938.18,1177.01,3735.29,5304.51
1108,2024-07-23,2175.38,1107.25,4071.4,906.37,1174.42,3369.29,5873.97
1109,2024-07-24,3675.06,953.82,4123.86,954.22,1196.31,3531.94,5618.48
1110,2024-07-25,2935.17,1197.99,3949.1,1130.32,1214.34,3129.57,5870.79
1111,2024-07-26,3158.81,1015.56,3731.47,1093.62,1213.6,3443.24,6601.83
1112,2024-07-27,2086.19,1059.23,3517.55,1008.1,1273.94,3418.61,5706.96
1113,2024-07-29,3362.75,1053.4,3731.22,880.37,1138.5,3874.63,6321.33
1114,2024-07-30,2111.14,1032.16,4073.87,973.22,1206.45,3222.73,5285.03
1115,2024-07-31,3982.81,1015.94,4481.47,941.37,1130.25,3739.84,6063.06
1116,2024-08-01,3609.26,1837.13,4351.7,912.65,1244.62,4217.33,8114.92
1117,2024-08-02,3597.63,1886.41,4008.42,951.97,1460.52,3913.38,9205.71
1118,2024-08-03,2865.47,896.87,2496.67,833.8,1572.0,2835.82,8077.37
1119,2024-08-05,3793.54,1159.17,3970.87,888.85,1596.08,3147.5,7593.95
1120,2024-08-06,3444.15,1070.94,3872.63,1118.93,1552.27,3939.14,6892.75
1121,2024-08-07,4938.34,1487.23,4707.34,1035.25,1564.19,3948.69,6675.21
1122,2024-08-08,3232.23,1696.65,4077.33,1160.96,1500.5,3563.63,6629.54
1123,2024-08-09,4708.09,1177.42,4631.13,1018.93,1443.75,3648.94,6970.96
1124,2024-08-10,4066.31,1257.35,3716.95,971.15,1328.78,3475.07,6927.94
1125,2024-08-12,4192.75,1421.24,4260.98,1047.98,1399.28,4016.71,7681.31
1126,2024-08-13,4341.66,1550.14,3585.41,970.65,1177.56,3913.8,7097.17
1127,2024-08-14,3607.45,1183.69,4017.28,911.32,1281.28,3541.29,7043.31
1128,2024-08-15,2478.67,2750.3,4257.94,935.72,1164.7,3395.06,7431.59
1129,2024-08-16,4412.81,1577.82,4657.23,986.36,1454.72,3524.87,8224.57
1130,2024-08-17,4144.66,1624.31,3805.62,1145.89,1363.26,4805.57,8418.69
1131,2024-08-19,3289.24,1352.68,4979.89,1032.36,1498.9,4043.13,8549.27
1132,2024-08-20,4099.11,3634.59,4480.82,1388.17,1488.9,3636.75,8669.92
1133,2024-08-21,3529.79,3784.41,4125.0,941.56,1456.53,3964.01,8648.44
1134,2024-08-22,4299.16,2949.8,4899.29,1108.38,1550.36,3881.61,7970.18
1135,2024-08-23,4027.81,2060.03,4520.74,1037.86,1453.39,4037.56,9149.14
1136,2024-08-24,3248.63,2056.63,3992.89,1026.99,1463.14,3684.03,9690.78
1137,2024-08-26,2663.83,2269.21,4282.35,1005.12,1519.85,3771.88,6859.23
1138,2024-08-27,3290.12,1963.86,4625.07,1398.24,1329.93,3731.63,6901.57
1139,2024-08-28,3610.89,4235.81,4679.6,1017.46,1358.72,4291.28,7303.86
1140,2024-08-29,4107.27,1214.45,4334.05,1103.97,1156.25,3948.7,7728.64
1141,2024-08-30,3668.35,1148.34,4313.99,1340.25,1292.09,3997.52,8683.01
1142,2024-08-31,3639.45,3174.24,3880.2,1072.87,1314.24,4013.6,10051.4
1143,2024-09-02,4178.98,1903.09,4624.72,1065.54,1304.46,3806.29,8578.33
1144,2024-09-03,2367.86,1656.22,5498.01,945.85,1382.11,3292.37,8666.13
1145,2024-09-04,4801.9,1067.28,4996.98,1117.52,1430.45,3138.09,7736.93
1146,2024-09-05,3540.81,1208.0,4758.62,1493.39,1681.21,3931.53,8339.74
1147,2024-09-06,3386.12,833.7,5059.14,1022.94,1687.44,4336.21,11189.94
1148,2024-09-07,2733.39,1159.68,4113.07,1293.98,1598.23,4138.94,11127.63
1149,2024-09-09,4586.24,1072.07,5016.02,1198.88,1550.34,4417.16,9425.68
1150,2024-09-10,3083.43,1076.44,4206.45,1119.01,1555.93,4857.54,11631.23
1151,2024-09-11,3551.18,1319.99,4734.12,966.33,1637.64,4609.24,10187.47
1152,2024-09-12,3360.88,1230.92,5163.36,1066.95,1527.12,3829.72,10788.18
1153,2024-09-13,4232.74,1202.15,5148.54,1217.37,1667.69,4191.07,9384.36
1154,2024-09-14,4217.74,1387.77,5305.94,1088.42,1944.85,4504.91,10939.26
1155,2024-09-15,3511.59,1550.56,2175.0,756.25,1382.94,1428.99,7294.67
1156,2024-09-16,6027.07,1110.82,5019.85,1436.33,1848.83,4811.99,10206.45
1157,2024-09-19,3434.39,988.61,4956.08,899.7,1658.81,,12036.42
1158,2024-09-20,4310.76,1411.14,5089.57,1422.6,2323.27,5288.55,9081.37
1159,2024-09-21,4513.34,1597.24,4615.51,1185.16,2499.15,6970.23,8117.4
1160,2024-09-23,4252.59,1274.39,4771.72,1242.71,2602.22,6864.34,8881.09
1161,2024-09-24,3839.59,1410.71,4187.42,1542.55,2138.09,7404.36,7197.88
1162,2024-09-25,4717.55,1129.86,5243.91,1266.5,1794.16,4875.29,9227.52
1163,2024-09-26,3481.27,956.69,4291.43,1242.75,1599.73,3660.41,8586.25
1164,2024-09-27,3648.2,1049.99,4394.22,1035.89,1519.72,4112.76,12936.94
1165,2024-09-28,3723.25,1013.65,4528.32,1078.83,1368.74,3914.01,12702.01
1166,2024-09-30,3843.06,867.91,4806.84,1266.85,1556.3,3486.93,12473.28
1167,2024-10-01,3438.74,1127.88,4696.2,1291.48,1449.81,6728.6,10741.57
1168,2024-10-02,3460.52,1500.15,4658.52,1249.08,1589.47,4806.04,11556.56
1169,2024-10-03,3557.13,1006.23,4781.21,1044.49,1591.14,5542.54,12505.81
1170,2024-10-04,4265.27,1151.07,5365.83,1233.09,1667.03,4467.12,14772.1
1171,2024-10-05,4689.42,1054.98,4641.4,1089.82,1682.03,5150.19,11257.06
1172,2024-10-07,4963.1,1034.26,4427.44,1051.77,1924.54,4982.63,13986.49
1173,2024-10-08,3729.01,1436.2,4326.42,1245.56,2096.91,5710.35,11527.09
1174,2024-10-09,2954.28,1087.52,4526.82,965.65,1540.48,5392.07,12144.81
1175,2024-10-10,3654.34,1326.19,5594.62,1215.99,1602.36,5673.11,10950.34
1176,2024-10-11,3102.02,1203.11,4336.48,1237.29,1714.61,5362.64,9797.37
1177,2024-10-12,2694.2,1037.37,3962.94,1472.42,1473.45,5547.0,8115.76
1178,2024-10-14,3600.71,978.14,4395.63,1110.81,1751.79,5422.78,9063.7
1179,2024-10-15,2708.94,1278.05,5313.62,1094.67,1559.53,4784.27,7516.87
1180,2024-10-16,3776.59,1421.65,4358.63,1298.48,1489.44,5430.59,6464.68
1181,2024-10-17,3076.37,1230.76,4993.45,1131.97,1384.87,5991.46,6746.86
1182,2024-10-18,3472.75,1368.29,4581.37,1308.3,1388.4,5931.61,6121.66
1183,2024-10-19,2335.9,1077.4,4348.55,1126.34,1364.72,5503.6,5469.51
1184,2024-10-21,3669.64,1044.02,5085.7,1243.92,1757.53,5837.25,6132.5
1185,2024-10-22,3529.71,1393.56,4678.65,1278.09,1652.19,5984.41,5589.76
1186,2024-10-23,3944.83,1666.68,4491.44,1141.01,1973.59,5862.31,5076.76
1187,2024-10-24,3029.46,1405.42,4519.13,1215.87,1778.07,4656.15,6290.23
1188,2024-10-25,4101.77,1543.57,4649.44,1183.35,1620.39,4156.16,6824.98
1189,2024-10-26,3778.38,860.89,4169.06,1222.83,1569.34,3615.21,5870.48
1190,2024-10-28,3276.82,2158.01,4591.68,1318.14,1772.0,4778.61,7355.87
1191,2024-10-29,3207.5,935.9,4467.85,1169.28,1661.92,5357.58,8032.85
1192,2024-10-30,3753.25,1048.68,5203.15,1178.48,1376.45,4756.59,7156.69
1193,2024-10-31,2977.99,582.59,4440.95,1285.9,1344.47,4232.21,7414.6
1194,2024-11-01,2866.57,1682.36,4834.62,1181.31,1319.65,4225.18,7362.08
1195,2024-11-02,3356.9,862.8,4047.82,1108.19,1172.26,4975.91,7565.78
1196,2024-11-04,2879.98,743.89,4235.37,1300.89,1452.25,5222.98,7128.78
1197,2024-11-05,2777.81,995.77,4597.1,1252.12,1416.38,4993.54,7026.81
1198,2024-11-06,3230.37,996.34,5027.65,1453.15,1494.29,5144.02,6626.52
1199,2024-11-07,3396.55,936.75,4539.68,1194.59,1467.08,5349.08,8192.7
1200,2024-11-08,2498.27,702.61,4039.3,1242.24,1404.01,5712.66,6772.57
1201,2024-11-09,1817.98,919.53,4627.19,1188.13,1621.29,4337.21,7218.63
1202,2024-11-11,2649.08,849.93,4537.22,1338.03,1495.89,5880.14,7416.47
1203,2024-11-12,2265.2,1024.12,4558.58,1225.9,1557.73,5902.88,7770.21
1204,2024-11-13,2291.22,821.4,4402.37,1479.33,1374.55,5195.39,6850.26
1205,2024-11-14,2765.9,855.63,4405.04,1187.76,1545.58,5100.94,7187.51
1206,2024-11-15,3351.18,971.72,4417.48,1484.12,1384.51,5959.79,6980.48
1207,2024-11-16,2080.27,847.73,4562.23,1139.63,1469.13,5399.89,5854.53
1208,2024-11-18,2340.48,833.26,4757.76,1356.17,1641.94,5817.7,6587.64
1209,2024-11-19,3263.95,797.29,4900.73,1812.75,1717.16,6352.05,5585.17
1210,2024-11-20,1949.44,794.19,4169.43,1448.5,1662.04,7037.2,5573.16
1211,2024-11-21,1950.44,1268.89,4488.4,1243.13,1748.09,5337.87,5809.53
1212,2024-11-22,1941.41,934.36,4592.98,1113.45,1805.1,7742.44,8042.03
1213,2024-11-23,1243.06,737.7,4455.95,1195.29,1727.35,6395.69,7518.38
1214,2024-11-25,3045.55,1087.37,4883.06,1324.32,1808.83,6360.77,5690.88
1215,2024-11-26,2478.86,935.61,4622.51,1195.32,1702.26,7990.56,6215.86
1216,2024-11-27,2783.39,1601.48,4721.09,1264.98,1886.41,9177.73,5987.33
1217,2024-11-28,3246.11,1215.13,4977.63,1307.18,2252.06,8809.31,6496.88
1218,2024-11-29,2061.69,1152.26,5012.78,1125.03,1882.86,11073.04,5981.12
1219,2024-11-30,1779.54,1381.91,4289.67,1121.73,1932.46,8477.57,5275.77
1220,2024-12-02,2632.02,1383.63,4939.7,1209.01,1848.94,8477.04,6705.34
1221,2024-12-03,2673.4,1105.29,4379.26,1158.57,2046.62,8635.92,6606.05
1222,2024-12-04,2436.63,1472.26,4931.85,1113.31,1688.89,10203.69,6633.88
1223,2024-12-05,3443.19,1308.16,4692.26,1268.67,1790.17,7791.95,6800.71
1224,2024-12-06,1292.37,913.41,4540.13,1144.45,1621.16,11444.02,7115.78
1225,2024-12-07,1835.89,721.7,4317.49,1203.08,1522.54,9901.68,6365.78
1226,2024-12-09,2361.08,1138.41,4907.53,1342.12,1447.31,10671.12,6568.33
1227,2024-12-10,2339.5,1251.56,4699.26,1145.32,1499.43,11366.0,7163.97
1228,2024-12-11,2393.2,1054.28,4508.11,1115.19,1449.17,10167.34,7234.32
1229,2024-12-12,2408.57,1587.98,4329.4,1170.16,1478.69,11452.25,7759.54
1230,2024-12-13,2465.83,1296.95,5244.02,1203.41,1619.36,12990.85,7363.62
1231,2024-12-14,1770.08,1780.82,4012.31,1171.63,1384.26,9299.57,8529.89
1232,2024-12-16,1878.95,1586.05,5085.03,1230.06,1585.9,12572.74,8926.33
1233,2024-12-17,3087.74,1245.96,4330.93,1201.57,1517.9,16091.66,8965.96
1234,2024-12-18,2410.94,1546.12,5262.81,1133.86,1473.42,16205.83,9575.93
1235,2024-12-19,2533.3,1183.44,6388.61,1155.49,1736.89,12261.99,9595.89
1236,2024-12-20,3658.69,1333.48,4192.95,1094.92,1552.01,16064.2,10154.76
1237,2024-12-21,2114.47,2081.04,4088.56,1162.41,1577.18,12336.17,9656.26
1238,2024-12-23,3109.49,1541.85,4130.84,1349.01,1450.01,16387.88,11258.35
1239,2024-12-24,3160.7,1493.57,4224.77,1255.1,1575.16,13951.49,10804.71
1240,2024-12-25,3138.1,1161.01,4585.95,1154.53,1481.64,11856.19,10064.63
1241,2024-12-26,2548.8,1332.04,5217.14,1161.23,1487.55,11351.61,11099.88
1242,2024-12-27,3642.66,1545.93,4674.2,1200.78,1503.53,10328.21,11454.85
1243,2024-12-28,2941.62,1325.48,4317.21,1292.75,1396.15,12691.5,11325.36
1244,2024-12-30,2287.54,2270.71,4904.38,1167.73,1566.44,10164.39,11842.47
1245,2024-12-31,2748.73,1437.33,5366.15,1316.29,1706.6,10211.08,10514.04
